[
  {
    "iteration_id": 0,
    "model_file_location": "Output/AlloyModels/AlloyModel__0.als",
    "fix_intent": "Initial model creation",
    "source_ref": "Initial build",
    "current_result": {
      "syntax": "Error",
      "error_message": "There are 37 possible tokens that can appear here:\n! # ( * @ Int NAME NUMBER STRING String ^ after all always before disj eventually fun historically iden int let lone no none once one pred seq set some steps sum this univ { ~\nSyntax error in /home/nati/autoRE/Output/AlloyModels/AlloyModel__0.als at line 159 column 98:",
      "satisfied_predicates": [],
      "unsatisfied_predicates": [],
      "counterexamples": [],
      "no_counterexample": []
    },
    "previous_result": null,
    "updated_lines": "",
    "expected_impact": {
      "satToUnsat": [],
      "unsatToSat": [],
      "passToFail": [],
      "failToPass": []
    },
    "actual_impact": null,
    "outcome_classification": "pending",
    "issue": "syntax error at line 159 in pred R1R2",
    "syntax_error_context": "There are 37 possible tokens that can appear here:\n! # ( * @ Int NAME NUMBER STRING String ^ after all always before disj eventually fun historically iden int let lone no none once one pred seq set some steps sum this univ { ~\nSyntax error in /home/nati/autoRE/Output/AlloyModels/AlloyModel__0.als at line 159 column 98:",
    "resolved_target_issue": null,
    "resolution_status": null,
    "fix_pattern_detected": null,
    "is_reverted": false,
    "evaluator_feedback": "```\n[DIAGNOSIS]:\nThe error arises because the placeholder \"<fixed duration condition>\" is inside an Alloy set comprehension without being commented out, and the angle brackets \"<\" and \">\" are not valid Alloy tokens. Alloy expects a valid expression here but instead encounters invalid syntax, causing the parser to fail.\n\n[FIX INTENT]:\nComment out the placeholder \"<fixed duration condition>\" so that Alloy parses only valid syntax.\n\n[REPAIR INSTRUCTIONS]:\n- Step 1: Locate line 159 in predicate R1R2, specifically at the expression:\n      let sEnd = {s: State | s.session = et.session && (s.t = et.endedAt or (no et.endedAt and <fixed duration condition>))} |\n- Step 2: Replace \"<fixed duration condition>\" with a valid Alloy comment, e.g.:\n      // fixed duration condition\n  so the line becomes:\n      let sEnd = {s: State | s.session = et.session && (s.t = et.endedAt or (no et.endedAt and /* fixed duration condition */))} |\n- Step 3: Ensure that after this change, there are no invalid tokens within the set comprehension.\n\n[RATIONALE]:\nCommenting out the placeholder removes illegal tokens, making the code syntactically valid Alloy 6, and this approach avoids any attempt to substitute or rewrite the placeholder (which previous failed fixes might have tried).\n\n[LESSON]:\nPlaceholders not in valid Alloy comment syntax will cause parse errors; always use the /* ... */ comment style for in-line notes or TODOs in Alloy code.\n```",
    "error_signature": null,
    "issue_pattern": null,
    "semantic_issue_persistence": null,
    "repair_escalation": null,
    "repair_signature": null,
    "timestamp": "2026-07-03T14:42:57.565847"
  },
  {
    "iteration_id": 1,
    "model_file_location": "Output/AlloyModels/AlloyModel__1.als",
    "fix_intent": "Commented out the invalid placeholder \"<fixed duration condition>\" within the set comprehension in predicate R1R2 to avoid Alloy 6 syntax errors.",
    "source_ref": "Evaluator syntax repair instruction: placeholder \"<fixed duration condition>\" at line 159 must be commented out.",
    "current_result": {
      "syntax": "Error",
      "error_message": "There are 37 possible tokens that can appear here:\n! # ( * @ Int NAME NUMBER STRING String ^ after all always before disj eventually fun historically iden int let lone no none once one pred seq set some steps sum this univ { ~\nSyntax error in /home/nati/autoRE/Output/AlloyModels/AlloyModel__1.als at line 159 column 128:",
      "satisfied_predicates": [],
      "unsatisfied_predicates": [],
      "counterexamples": [],
      "no_counterexample": []
    },
    "previous_result": {
      "syntax": "Error",
      "error_message": "There are 37 possible tokens that can appear here:\n! # ( * @ Int NAME NUMBER STRING String ^ after all always before disj eventually fun historically iden int let lone no none once one pred seq set some steps sum this univ { ~\nSyntax error in /home/nati/autoRE/Output/AlloyModels/AlloyModel__0.als at line 159 column 98:",
      "satisfied_predicates": [],
      "unsatisfied_predicates": [],
      "counterexamples": [],
      "no_counterexample": []
    },
    "updated_lines": "--- Output/AlloyModels/AlloyModel__0.als\t2026-07-03 14:42:57.252451366 -0500\n+++ Output/AlloyModels/AlloyModel__1.als\t2026-07-03 14:43:44.006429911 -0500\n@@ -156,7 +156,7 @@\n     all et: EmergencyTrigger | \n         some sStart: State | sStart.t = et.at && sStart.session = et.session && sStart.mode = EmergencyMode \n         implies\n-        let sEnd = {s: State | s.session = et.session && (s.t = et.endedAt or (no et.endedAt and <fixed duration condition>))} |\n+        let sEnd = {s: State | s.session = et.session && (s.t = et.endedAt or (no et.endedAt and /* fixed duration condition */))} |\n             some sEnd && all s: sEnd | s.mode = NormalMode\n     all s: State | \n@@ -237,7 +237,7 @@\n assert assertR2_EventualReturnToNormal {\n     all sess: Session | \n         some et: EmergencyTrigger | et.session = sess =>\n-            some s: State | s.session = sess && s.mode = NormalMode && (et.endedAt = s.t or <fixed duration>)\n+            some s: State | s.session = sess && s.mode = NormalMode && (et.endedAt = s.t or /* fixed duration */)\n }\n \n",
    "expected_impact": {
      "satToUnsat": [],
      "unsatToSat": [],
      "passToFail": [],
      "failToPass": []
    },
    "actual_impact": {
      "satToUnsat": [],
      "unsatToSat": [],
      "passToFail": [],
      "failToPass": []
    },
    "outcome_classification": "pending",
    "issue": "syntax error at line 159 in pred R1R2",
    "syntax_error_context": "There are 37 possible tokens that can appear here:\n! # ( * @ Int NAME NUMBER STRING String ^ after all always before disj eventually fun historically iden int let lone no none once one pred seq set some steps sum this univ { ~\nSyntax error in /home/nati/autoRE/Output/AlloyModels/AlloyModel__1.als at line 159 column 128:",
    "resolved_target_issue": false,
    "resolution_status": null,
    "fix_pattern_detected": "1 previous fix attempt for this issue has failed",
    "is_reverted": false,
    "evaluator_feedback": "```\n[DIAGNOSIS]:\nThe syntax error at line 159, column 128 occurs because the set comprehension for sEnd in R1R2 contains a comment placeholder (/* fixed duration condition */) used as a stand-in for an expression, but comments are not allowed within expressions in Alloy 6. Alloy expects a valid Boolean expression between \"and\" and the closing parenthesis, but finds a comment or nothing, resulting in a parse error. The previous fix only commented out the placeholder, which did not resolve the incomplete expression, leaving Alloy unable to parse the set comprehension.\n\n[FIX INTENT]:\nReplace the invalid placeholder and incomplete Boolean expression with a syntactically valid Alloy 6 Boolean condition.\n\n[REPAIR INSTRUCTIONS]:\n- Step 1: Go to line 159 in the definition of the set sEnd within pred R1R2.\n- Step 2: Replace the entire condition \"(s.t = et.endedAt or (no et.endedAt and /* fixed duration condition */))\" with a valid expression. If the fixed duration condition is not yet specified, use \"false\" as a placeholder, resulting in: (s.t = et.endedAt or (no et.endedAt and false)).\n- Step 3: The line should now read:\n    let sEnd = {s: State | s.session = et.session && (s.t = et.endedAt or (no et.endedAt and false))} |\n\n[RATIONALE]:\nThis fix is Alloy 6 compliant because it removes the invalid comment from within the Boolean expression, ensures the condition is always a valid Alloy Boolean expression, and does not rely on simply commenting out code (which previously failed). Using \"false\" is a safe placeholder that is valid Alloy syntax and maintains the model's parseability.\n\n[LESSON]:\nAvoid using comments or placeholders within Alloy expressions; always ensure every Boolean condition is syntactically complete and valid, even if the intended logic is to be filled in later.\n```",
    "error_signature": null,
    "issue_pattern": null,
    "semantic_issue_persistence": null,
    "repair_escalation": null,
    "repair_signature": null,
    "timestamp": "2026-07-03T14:43:44.007467"
  },
  {
    "iteration_id": 2,
    "model_file_location": "Output/AlloyModels/AlloyModel__2.als",
    "fix_intent": "Replace the invalid comment placeholder within the Boolean expression in pred R1R2's sEnd definition with the Alloy 6-valid expression \"false\", ensuring syntactic correctness.",
    "source_ref": "Evaluator syntax repair instruction: line 159 contains an invalid comment in a Boolean expression—replace with a valid Alloy expression.",
    "current_result": {
      "syntax": "Error",
      "error_message": "There are 1 possible tokens that can appear here:\n)\nSyntax error in /home/nati/autoRE/Output/AlloyModels/AlloyModel__2.als at line 186 column 20:",
      "satisfied_predicates": [],
      "unsatisfied_predicates": [],
      "counterexamples": [],
      "no_counterexample": []
    },
    "previous_result": {
      "syntax": "Error",
      "error_message": "There are 37 possible tokens that can appear here:\n! # ( * @ Int NAME NUMBER STRING String ^ after all always before disj eventually fun historically iden int let lone no none once one pred seq set some steps sum this univ { ~\nSyntax error in /home/nati/autoRE/Output/AlloyModels/AlloyModel__1.als at line 159 column 128:",
      "satisfied_predicates": [],
      "unsatisfied_predicates": [],
      "counterexamples": [],
      "no_counterexample": []
    },
    "updated_lines": "--- Output/AlloyModels/AlloyModel__1.als\t2026-07-03 14:43:44.006429911 -0500\n+++ Output/AlloyModels/AlloyModel__2.als\t2026-07-03 15:02:34.243014369 -0500\n@@ -156,7 +156,7 @@\n     all et: EmergencyTrigger | \n         some sStart: State | sStart.t = et.at && sStart.session = et.session && sStart.mode = EmergencyMode \n         implies\n-        let sEnd = {s: State | s.session = et.session && (s.t = et.endedAt or (no et.endedAt and /* fixed duration condition */))} |\n+        let sEnd = {s: State | s.session = et.session && (s.t = et.endedAt or (no et.endedAt and false))} |\n             some sEnd && all s: sEnd | s.mode = NormalMode\n     all s: State | \n",
    "expected_impact": {
      "satToUnsat": [],
      "unsatToSat": [],
      "passToFail": [],
      "failToPass": []
    },
    "actual_impact": {
      "satToUnsat": [],
      "unsatToSat": [],
      "passToFail": [],
      "failToPass": []
    },
    "outcome_classification": "pending",
    "issue": "syntax error at line 186 in pred R1R2R3",
    "syntax_error_context": "There are 1 possible tokens that can appear here:\n)\nSyntax error in /home/nati/autoRE/Output/AlloyModels/AlloyModel__2.als at line 186 column 20:",
    "resolved_target_issue": true,
    "resolution_status": null,
    "fix_pattern_detected": null,
    "is_reverted": false,
    "evaluator_feedback": "```\n[DIAGNOSIS]:\nThe root cause of the syntax error is the use of a multi-line if-then-else expression inside a let-binding without enclosing the entire conditional expression in parentheses. In Alloy 6, if-then-else expressions that span multiple lines or appear in a let binding must be parenthesized to avoid ambiguity in parsing. The parser expects a closing parenthesis at line 186 after \"let et = ... |\", but encounters \"if\", leading to the syntax error.\n\n[FIX INTENT]:\nEnclose the entire if-then-else expression in parentheses within the let-binding in the set expression.\n\n[REPAIR INSTRUCTIONS]:\n- Step 1: Go to line 185, inside the predicate R1R2R3 where the let-binding is used in the assignment to s.emergencyAdmins.\n- Step 2: Wrap the entire if-then-else expression after the bar (|) in parentheses, like so:\n    s.emergencyAdmins = (let et = {e: EmergencyTrigger | e.session = s.session && e.at <= s.t && (no e.endedAt or s.t < et.endedAt)} |\n        (if some et then et.admins else none))\n\n[RATIONALE]:\nThis fix is Alloy 6 compliant because Alloy requires if-then-else expressions (especially multi-line or as part of a let-binding) to be enclosed in parentheses to resolve parsing ambiguity; this approach is distinct from simply adjusting indentation or rewriting logic, as it directly addresses the parsing rule violation.\n\n[LESSON]:\nWhen using if-then-else expressions in let-bindings or multiline contexts in Alloy, always enclose the entire conditional expression in parentheses to ensure valid parsing.\n```",
    "error_signature": null,
    "issue_pattern": null,
    "semantic_issue_persistence": null,
    "repair_escalation": null,
    "repair_signature": null,
    "timestamp": "2026-07-03T15:02:34.244046"
  },
  {
    "iteration_id": 3,
    "model_file_location": "Output/AlloyModels/AlloyModel__3.als",
    "fix_intent": "Enclose the if-then-else expression within parentheses in the let-binding inside the R1R2R3 predicate to resolve the Alloy 6 parsing ambiguity.",
    "source_ref": "Evaluator syntax repair instruction: let-binding with multi-line if-then-else at line 185.",
    "current_result": {
      "syntax": "Error",
      "error_message": "There are 1 possible tokens that can appear here:\n)\nSyntax error in /home/nati/autoRE/Output/AlloyModels/AlloyModel__3.als at line 186 column 21:",
      "satisfied_predicates": [],
      "unsatisfied_predicates": [],
      "counterexamples": [],
      "no_counterexample": []
    },
    "previous_result": {
      "syntax": "Error",
      "error_message": "There are 1 possible tokens that can appear here:\n)\nSyntax error in /home/nati/autoRE/Output/AlloyModels/AlloyModel__2.als at line 186 column 20:",
      "satisfied_predicates": [],
      "unsatisfied_predicates": [],
      "counterexamples": [],
      "no_counterexample": []
    },
    "updated_lines": "--- Output/AlloyModels/AlloyModel__2.als\t2026-07-03 15:02:34.243014369 -0500\n+++ Output/AlloyModels/AlloyModel__3.als\t2026-07-03 15:03:20.060536688 -0500\n@@ -182,8 +182,8 @@\n     all s: State | \n         s.mode = EmergencyMode =>\n-            s.emergencyAdmins = (let et = {e: EmergencyTrigger | e.session = s.session && e.at <= s.t && (no e.endedAt or s.t < e.endedAt)} | \n-                if some et then et.admins else none)\n+            s.emergencyAdmins = (let et = {e: EmergencyTrigger | e.session = s.session && e.at <= s.t && (no e.endedAt or s.t < e.endedAt)} |\n+                (if some et then et.admins else none))\n }\n \n",
    "expected_impact": {
      "satToUnsat": [],
      "unsatToSat": [],
      "passToFail": [],
      "failToPass": []
    },
    "actual_impact": {
      "satToUnsat": [],
      "unsatToSat": [],
      "passToFail": [],
      "failToPass": []
    },
    "outcome_classification": "pending",
    "issue": "syntax error at line 186 in pred R1R2R3",
    "syntax_error_context": "There are 1 possible tokens that can appear here:\n)\nSyntax error in /home/nati/autoRE/Output/AlloyModels/AlloyModel__3.als at line 186 column 21:",
    "resolved_target_issue": false,
    "resolution_status": null,
    "fix_pattern_detected": "1 previous fix attempt for this issue has failed",
    "is_reverted": false,
    "evaluator_feedback": "```\n[DIAGNOSIS]:\nThe error is caused by the use of if ... then ... else ... syntax at line 186; Alloy does not support this syntax. Instead, Alloy uses the conditional expression form: condition => expr1 else expr2.\n\n[FIX INTENT]:\nRewrite the if-then-else expression using Alloy's conditional operator (=> ... else ...).\n\n[REPAIR INSTRUCTIONS]:\n- Step 1: Locate the line:\n      (if some et then et.admins else none)\n- Step 2: Replace it with:\n      (some et => et.admins else none)\n  so the full line becomes:\n      s.emergencyAdmins = (let et = {e: EmergencyTrigger | e.session = s.session && e.at <= s.t && (no e.endedAt or s.t < e.endedAt)} | (some et => et.admins else none))\n\n[RATIONALE]:\nThis fix conforms to Alloy 6's conditional expression syntax and corrects the invalid if-then-else construct, resolving the syntax error.\n\n[LESSON]:\nAlways use 'condition => expr1 else expr2' for conditionals in Alloy; 'if ... then ... else ...' is not valid Alloy syntax.\n```",
    "error_signature": null,
    "issue_pattern": null,
    "semantic_issue_persistence": null,
    "repair_escalation": null,
    "repair_signature": null,
    "timestamp": "2026-07-03T15:03:20.061589"
  },
  {
    "iteration_id": 4,
    "model_file_location": "Output/AlloyModels/AlloyModel__4.als",
    "fix_intent": "Correct the use of the invalid 'if ... then ... else ...' syntax in the set assignment for s.emergencyAdmins by replacing it with Alloy's conditional operator '=> ... else ...', as required by Alloy 6 syntax.",
    "source_ref": "Evaluator syntax repair instruction: error caused by 'if ... then ... else ...' at line 186",
    "current_result": {
      "syntax": "Error",
      "error_message": "There are 37 possible tokens that can appear here:\n! # ( * @ Int NAME NUMBER STRING String ^ after all always before disj eventually fun historically iden int let lone no none once one pred seq set some steps sum this univ { ~\nSyntax error in /home/nati/autoRE/Output/AlloyModels/AlloyModel__4.als at line 239 column 113:",
      "satisfied_predicates": [],
      "unsatisfied_predicates": [],
      "counterexamples": [],
      "no_counterexample": []
    },
    "previous_result": {
      "syntax": "Error",
      "error_message": "There are 1 possible tokens that can appear here:\n)\nSyntax error in /home/nati/autoRE/Output/AlloyModels/AlloyModel__3.als at line 186 column 21:",
      "satisfied_predicates": [],
      "unsatisfied_predicates": [],
      "counterexamples": [],
      "no_counterexample": []
    },
    "updated_lines": "--- Output/AlloyModels/AlloyModel__3.als\t2026-07-03 15:03:20.060536688 -0500\n+++ Output/AlloyModels/AlloyModel__4.als\t2026-07-03 15:17:15.021665793 -0500\n@@ -182,8 +182,7 @@\n     all s: State | \n         s.mode = EmergencyMode =>\n-            s.emergencyAdmins = (let et = {e: EmergencyTrigger | e.session = s.session && e.at <= s.t && (no e.endedAt or s.t < e.endedAt)} |\n-                (if some et then et.admins else none))\n+            s.emergencyAdmins = (let et = {e: EmergencyTrigger | e.session = s.session && e.at <= s.t && (no e.endedAt or s.t < e.endedAt)} | (some et => et.admins else none))\n }\n \n",
    "expected_impact": {
      "satToUnsat": [],
      "unsatToSat": [],
      "passToFail": [],
      "failToPass": []
    },
    "actual_impact": {
      "satToUnsat": [],
      "unsatToSat": [],
      "passToFail": [],
      "failToPass": []
    },
    "outcome_classification": "pending",
    "issue": "syntax error at line 239 in assert assertR2_EventualReturnToNormal",
    "syntax_error_context": "There are 37 possible tokens that can appear here:\n! # ( * @ Int NAME NUMBER STRING String ^ after all always before disj eventually fun historically iden int let lone no none once one pred seq set some steps sum this univ { ~\nSyntax error in /home/nati/autoRE/Output/AlloyModels/AlloyModel__4.als at line 239 column 113:",
    "resolved_target_issue": true,
    "resolution_status": null,
    "fix_pattern_detected": null,
    "is_reverted": false,
    "evaluator_feedback": "```\n[DIAGNOSIS]:\nThe root cause of the syntax error at line 239, column 113 is the presence of an unterminated comment (/* ... */) used within a parenthetical logical expression inside the assertion. Alloy does not allow comments to interrupt or replace valid expressions within parentheses or logical constructs; here, the comment /* fixed duration */ stands alone as an operand in an 'or' expression, which is invalid because Alloy expects an expression, not a comment, after the 'or'.\n\n[FIX INTENT]:\nReplace the comment in the logical expression with a valid Alloy placeholder expression that allows the model to parse and execute.\n\n[REPAIR INSTRUCTIONS]:\n- Step 1: Go to line 239 in the assertR2_EventualReturnToNormal assertion.\n- Step 2: Replace the text '/* fixed duration */' (the comment) with a valid Alloy boolean expression, such as 'false' (if no fixed duration logic is yet specified) so the 'or' expression is syntactically valid.\n- Step 3: The resulting line should read:\n      some s: State | s.session = sess && s.mode = NormalMode && (et.endedAt = s.t or false)\n\n[RATIONALE]:\nThis fix is Alloy 6 compliant because it eliminates the illegal use of a comment as an operand, ensuring all operands in logical operators are valid Alloy expressions; it is a different approach from failed attempts because it replaces the comment with a concrete expression instead of reformatting, moving, or trying to keep the comment within the logical statement.\n\n[LESSON]:\nWhenever a placeholder is needed in an Alloy expression, use a valid boolean (e.g., 'false') instead of a comment, as Alloy does not treat comments as expressions and will raise syntax errors.\n```",
    "error_signature": null,
    "issue_pattern": null,
    "semantic_issue_persistence": null,
    "repair_escalation": null,
    "repair_signature": null,
    "timestamp": "2026-07-03T15:17:15.022910"
  },
  {
    "iteration_id": 5,
    "model_file_location": "Output/AlloyModels/AlloyModel__5.als",
    "fix_intent": "Replace the invalid comment /* fixed duration */ inside the logical expression in assertR2_EventualReturnToNormal with the valid Alloy boolean expression false to fix the syntax error.",
    "source_ref": "Evaluator syntax repair instruction: line 239 invalid use of comment as operand in assertion.",
    "current_result": {
      "syntax": "Error",
      "error_message": "The name \"Bool\" cannot be found.\nSyntax error in /home/nati/autoRE/Output/AlloyModels/AlloyModel__5.als at line 35 column 18:\nThe name \"Bool\" cannot be found.",
      "satisfied_predicates": [],
      "unsatisfied_predicates": [],
      "counterexamples": [],
      "no_counterexample": []
    },
    "previous_result": {
      "syntax": "Error",
      "error_message": "There are 37 possible tokens that can appear here:\n! # ( * @ Int NAME NUMBER STRING String ^ after all always before disj eventually fun historically iden int let lone no none once one pred seq set some steps sum this univ { ~\nSyntax error in /home/nati/autoRE/Output/AlloyModels/AlloyModel__4.als at line 239 column 113:",
      "satisfied_predicates": [],
      "unsatisfied_predicates": [],
      "counterexamples": [],
      "no_counterexample": []
    },
    "updated_lines": "--- Output/AlloyModels/AlloyModel__4.als\t2026-07-03 15:17:15.021665793 -0500\n+++ Output/AlloyModels/AlloyModel__5.als\t2026-07-03 15:18:01.167386599 -0500\n@@ -236,7 +236,7 @@\n assert assertR2_EventualReturnToNormal {\n     all sess: Session | \n         some et: EmergencyTrigger | et.session = sess =>\n-            some s: State | s.session = sess && s.mode = NormalMode && (et.endedAt = s.t or /* fixed duration */)\n+            some s: State | s.session = sess && s.mode = NormalMode && (et.endedAt = s.t or false)\n }\n \n",
    "expected_impact": {
      "satToUnsat": [],
      "unsatToSat": [],
      "passToFail": [],
      "failToPass": []
    },
    "actual_impact": {
      "satToUnsat": [],
      "unsatToSat": [],
      "passToFail": [],
      "failToPass": []
    },
    "outcome_classification": "pending",
    "issue": "syntax error at line 35 in sig Delegation",
    "syntax_error_context": "The name \"Bool\" cannot be found.\nSyntax error in /home/nati/autoRE/Output/AlloyModels/AlloyModel__5.als at line 35 column 18:\nThe name \"Bool\" cannot be found.",
    "resolved_target_issue": false,
    "resolution_status": null,
    "fix_pattern_detected": "1 previous fix attempt for this issue has failed",
    "is_reverted": false,
    "evaluator_feedback": "```\n[DIAGNOSIS]:\nThe error \"The name 'Bool' cannot be found\" at line 35 is because Alloy does not have a built-in 'Bool' type; Alloy models booleans using abstract signatures or enums, not with a primitive type 'Bool'. The error arises because 'Bool' is undefined in this model and not a reserved word in Alloy.\n\n[FIX INTENT]:\nReplace the undefined 'Bool' references with a valid Alloy 6 idiom for boolean values, such as using an enumeration (e.g., RevocationStatus) or a predicate signature.\n\n[REPAIR INSTRUCTIONS]:\n- Step 1: Before the sig Delegation definition, introduce an enum to represent boolean values:\n  ```alloy\n  enum Bool { True, False }\n  ```\n- Step 2: In the sig Delegation definition, change the fields `revoked: one Bool` and `duringEmergency: one Bool` to use this new enum type.\n- Step 3: Ensure any references to `revoked` and `duringEmergency` elsewhere in the model use `d.revoked = True` or `d.revoked = False` as needed.\n\n[RATIONALE]:\nThis fix is Alloy 6 compliant because it uses the enum construct to represent booleans, which is the standard idiom in Alloy for boolean-like fields; it directly addresses the root cause (undefined 'Bool') and is a different approach from previous attempts, which did not address the type definition itself.\n\n[LESSON]:\nAlloy does not have a primitive boolean type; when modeling booleans, always use an enum or a dedicated signature to represent binary states.\n```",
    "error_signature": null,
    "issue_pattern": null,
    "semantic_issue_persistence": null,
    "repair_escalation": null,
    "repair_signature": null,
    "timestamp": "2026-07-03T15:18:01.168650"
  },
  {
    "iteration_id": 6,
    "model_file_location": "Output/AlloyModels/AlloyModel__6.als",
    "fix_intent": "I am introducing an enum Bool { True, False } and updating all 'Bool' references in the model to use this enum, to fix the Alloy syntax error caused by the undeclared 'Bool' type.",
    "source_ref": "Evaluator syntax repair instruction: \"The name 'Bool' cannot be found\" at line 35, fix by declaring a Bool enum and updating uses.",
    "current_result": {
      "syntax": "Error",
      "error_message": "This must be an integer expression.\nInstead, it has the following possible type(s):\n{this/Time}",
      "satisfied_predicates": [],
      "unsatisfied_predicates": [],
      "counterexamples": [],
      "no_counterexample": []
    },
    "previous_result": {
      "syntax": "Error",
      "error_message": "The name \"Bool\" cannot be found.\nSyntax error in /home/nati/autoRE/Output/AlloyModels/AlloyModel__5.als at line 35 column 18:\nThe name \"Bool\" cannot be found.",
      "satisfied_predicates": [],
      "unsatisfied_predicates": [],
      "counterexamples": [],
      "no_counterexample": []
    },
    "updated_lines": "--- Output/AlloyModels/AlloyModel__5.als\t2026-07-03 15:18:01.167386599 -0500\n+++ Output/AlloyModels/AlloyModel__6.als\t2026-07-03 15:18:46.138061766 -0500\n@@ -25,6 +25,9 @@\n     perms: set Permission\n }\n \n+enum Bool { True, False }\n+\n sig Delegation {\n     role: one Role,\n@@ -119,7 +122,7 @@\n     { d: Delegation |\n         d.to = u && d.delegatedAt <= s.t &&\n         (no d.expiresAt or s.t < d.expiresAt) &&\n-        not d.revoked &&\n+        d.revoked = False &&\n         d in s.delegations\n     }.role\n }\n@@ -197,7 +200,7 @@\n     all s: State | \n         s.mode = NormalMode =>\n             all d: Delegation | \n-                d.duringEmergency && d in s.delegations => d.revoked\n+                d.duringEmergency = True && d in s.delegations => d.revoked = True\n     all et: EmergencyTrigger | \n         some s: State | s.session = et.session && s.mode = NormalMode && et.endedAt = s.t =>\n",
    "expected_impact": {
      "satToUnsat": [],
      "unsatToSat": [],
      "passToFail": [],
      "failToPass": []
    },
    "actual_impact": {
      "satToUnsat": [],
      "unsatToSat": [],
      "passToFail": [],
      "failToPass": []
    },
    "outcome_classification": "pending",
    "issue": "syntax error at line 123 in fun rolesHeld",
    "syntax_error_context": "This must be an integer expression.\nInstead, it has the following possible type(s):\n{this/Time}",
    "resolved_target_issue": true,
    "resolution_status": null,
    "fix_pattern_detected": null,
    "is_reverted": false,
    "evaluator_feedback": "```\n[DIAGNOSIS]:\nThe error arises because in the set comprehension within the rolesHeld function, the condition d.delegatedAt <= s.t is invalid: d.delegatedAt and s.t are both of type Time, but the <= operator in Alloy is valid only for integer expressions, not for atoms or abstract signatures like Time. Alloy has no built-in ordering over arbitrary signatures unless one is explicitly defined. Thus, comparing two Time atoms using <= is a type error.\n\n[FIX INTENT]:\nReplace the use of the <= operator between Time atoms with a relation or predicate that explicitly defines the intended temporal ordering.\n\n[REPAIR INSTRUCTIONS]:\n- Step 1: Define a total order over Time by introducing a relation (e.g., \"next\" or \"lt\") in the Time signature, such as:\n      sig Time { next: lone Time }\n- Step 2: Create a helper predicate or function (e.g., leq) to compare two Time atoms using the transitive closure of \"next\":\n      fun leq[t1, t2: Time]: Bool { t1 = t2 or t1 in t2.^~next }\n- Step 3: In the rolesHeld function, replace d.delegatedAt <= s.t with leq[d.delegatedAt, s.t].\n- Step 4: Similarly, replace s.t < d.expiresAt with a corresponding lt predicate/function if needed.\n\n[RATIONALE]:\nThis fix is Alloy 6 compliant because it avoids using integer-only operators on signatures and instead introduces an explicit ordering, which is the standard Alloy idiom for temporal reasoning; it is also a distinct approach from simply rephrasing the <= comparison or attempting to cast types.\n\n[LESSON]:\nAlloy does not natively support ordering or arithmetic on custom signatures; temporal or other orderings must be explicitly modeled using relations and corresponding helper functions.\n```",
    "error_signature": null,
    "issue_pattern": null,
    "semantic_issue_persistence": null,
    "repair_escalation": null,
    "repair_signature": null,
    "timestamp": "2026-07-03T15:18:46.139360"
  },
  {
    "iteration_id": 7,
    "model_file_location": "Output/AlloyModels/AlloyModel__7.als",
    "fix_intent": "Introduce an explicit total ordering on Time and helper functions to replace the use of <= and < on Time atoms in rolesHeld, resolving the Alloy type error.",
    "source_ref": "Evaluator feedback: \"The error arises because in the set comprehension within the rolesHeld function, the condition d.delegatedAt <= s.t is invalid: d.delegatedAt and s.t are both of type Time, but the <= operator in Alloy is valid only for integer expressions, not for atoms or abstract signatures like Time.\"",
    "current_result": {
      "syntax": "Error",
      "error_message": "There are 1 possible tokens that can appear here:\n]\nSyntax error in /home/nati/autoRE/Output/AlloyModels/AlloyModel__7.als at line 198 column 143:",
      "satisfied_predicates": [],
      "unsatisfied_predicates": [],
      "counterexamples": [],
      "no_counterexample": []
    },
    "previous_result": {
      "syntax": "Error",
      "error_message": "This must be an integer expression.\nInstead, it has the following possible type(s):\n{this/Time}",
      "satisfied_predicates": [],
      "unsatisfied_predicates": [],
      "counterexamples": [],
      "no_counterexample": []
    },
    "updated_lines": "--- Output/AlloyModels/AlloyModel__6.als\t2026-07-03 15:18:46.138061766 -0500\n+++ Output/AlloyModels/AlloyModel__7.als\t2026-07-03 15:19:35.058827318 -0500\n@@ -67,7 +67,17 @@\n }\n \n-sig Time {}\n+sig Time {\n+    next: lone Time\n+}\n+\n+fun leq[t1, t2: Time]: Bool {\n+    t1 = t2 or t1 in t2.^~next\n+}\n+fun lt[t1, t2: Time]: Bool {\n+    t1 in t2.^~next and t1 != t2\n+}\n \n sig State {\n@@ -100,7 +110,7 @@\n             u in s.emergencyAdmins <=> (\n                 s.mode = EmergencyMode &&\n                 u in Administrator &&\n-                some et: EmergencyTrigger | u in et.admins && et.session = s.session && et.at <= s.t && (no et.endedAt or s.t < et.endedAt)\n+                some et: EmergencyTrigger | u in et.admins && et.session = s.session && leq[et.at, s.t] && (no et.endedAt or lt[s.t, et.endedAt])\n             )\n \n@@ -111,7 +121,7 @@\n \n     all s: State | \n-        lone et: EmergencyTrigger | et.session = s.session && et.at <= s.t && (no et.endedAt or s.t < et.endedAt) =>\n+        lone et: EmergencyTrigger | et.session = s.session && leq[et.at, s.t] && (no et.endedAt or lt[s.t, et.endedAt]) =>\n             s.mode = EmergencyMode\n }\n \n@@ -120,8 +130,8 @@\n fun rolesHeld[u: User, s: State]: set Role {\n     { d: Delegation |\n-        d.to = u && d.delegatedAt <= s.t &&\n-        (no d.expiresAt or s.t < d.expiresAt) &&\n+        d.to = u && leq[d.delegatedAt, s.t] &&\n+        (no d.expiresAt or lt[s.t, d.expiresAt]) &&\n         d.revoked = False &&\n         d in s.delegations\n     }.role\n@@ -185,7 +195,7 @@\n     all s: State | \n         s.mode = EmergencyMode =>\n-            s.emergencyAdmins = (let et = {e: EmergencyTrigger | e.session = s.session && e.at <= s.t && (no e.endedAt or s.t < e.endedAt)} | (some et => et.admins else none))\n+            s.emergencyAdmins = (let et = {e: EmergencyTrigger | e.session = s.session && leq[e.at, s.t] && (no e.endedAt or lt[s.t, e.endedAt)]} | (some et => et.admins else none))\n }\n \n@@ -248,7 +258,7 @@\n         s.mode = EmergencyMode =>\n             s.emergencyAdmins in Administrator &&\n             all a: s.emergencyAdmins | \n-                some et: EmergencyTrigger | a in et.admins && et.session = s.session && et.at <= s.t && (no et.endedAt or s.t < et.endedAt)\n+                some et: EmergencyTrigger | a in et.admins && et.session = s.session && leq[et.at, s.t] && (no et.endedAt or lt[s.t, et.endedAt])\n }\n \n",
    "expected_impact": {
      "satToUnsat": [],
      "unsatToSat": [],
      "passToFail": [],
      "failToPass": []
    },
    "actual_impact": {
      "satToUnsat": [],
      "unsatToSat": [],
      "passToFail": [],
      "failToPass": []
    },
    "outcome_classification": "pending",
    "issue": "syntax error at line 198 in pred R1R2R3",
    "syntax_error_context": "There are 1 possible tokens that can appear here:\n]\nSyntax error in /home/nati/autoRE/Output/AlloyModels/AlloyModel__7.als at line 198 column 143:",
    "resolved_target_issue": true,
    "resolution_status": null,
    "fix_pattern_detected": null,
    "is_reverted": false,
    "evaluator_feedback": "```\n[DIAGNOSIS]:\nThe syntax error at line 198, column 143 is caused by a misplaced closing bracket (]) in the set comprehension within the let-binding: {e: EmergencyTrigger | e.session = s.session && leq[e.at, s.t] && (no e.endedAt or lt[s.t, e.endedAt)]}. The closing bracket terminates the set comprehension prematurely, so Alloy cannot parse the rest of the expression. Additionally, the set comprehension is being used where a set expression would suffice, and the right parenthesis for the let-binding is missing or misaligned.\n\n[FIX INTENT]:\nCorrect the set comprehension by replacing the erroneous closing bracket ']' with the correct parenthesis ')', ensuring that all parenthesis and brackets are properly balanced.\n\n[REPAIR INSTRUCTIONS]:\n- Step 1: In line 198, inside the let-binding for et = {e: EmergencyTrigger | ...}, find the expression \"(no e.endedAt or lt[s.t, e.endedAt)]\".\n- Step 2: Replace the closing bracket ']' at the end of that line with a closing parenthesis ')', so the clause reads \"(no e.endedAt or lt[s.t, e.endedAt])\".\n- Step 3: Verify that all other parentheses and brackets in the let-binding and the if-then-else expression are correctly balanced.\n\n[RATIONALE]:\nThis fix is Alloy 6 compliant because it corrects a basic bracketing error without changing the structure of the let-binding or conditional; it is different from prior failed attempts because it focuses on correcting a typo (bracket/parenthesis mismatch) rather than altering the expression's structure or adding additional parentheses.\n\n[LESSON]:\nAlways ensure matching pairs of parentheses and brackets in set comprehensions and conditional expressions to avoid Alloy parser errors.\n```",
    "error_signature": null,
    "issue_pattern": null,
    "semantic_issue_persistence": null,
    "repair_escalation": null,
    "repair_signature": null,
    "timestamp": "2026-07-03T15:19:35.060069"
  },
  {
    "iteration_id": 8,
    "model_file_location": "Output/AlloyModels/AlloyModel__8.als",
    "fix_intent": "I am correcting a single misplaced closing bracket ']' in the let-binding within the R1R2R3 predicate, changing it to a closing parenthesis ')' to fix a syntax error in the set comprehension.",
    "source_ref": "Evaluator syntax repair instruction: line 198 misplaced closing bracket in set comprehension within let-binding.",
    "current_result": {
      "syntax": "Error",
      "error_message": "This must be a set or relation.\nInstead, it has the following possible type(s):\n{PrimitiveBoolean}",
      "satisfied_predicates": [],
      "unsatisfied_predicates": [],
      "counterexamples": [],
      "no_counterexample": []
    },
    "previous_result": {
      "syntax": "Error",
      "error_message": "There are 1 possible tokens that can appear here:\n]\nSyntax error in /home/nati/autoRE/Output/AlloyModels/AlloyModel__7.als at line 198 column 143:",
      "satisfied_predicates": [],
      "unsatisfied_predicates": [],
      "counterexamples": [],
      "no_counterexample": []
    },
    "updated_lines": "--- Output/AlloyModels/AlloyModel__7.als\t2026-07-03 15:19:35.058827318 -0500\n+++ Output/AlloyModels/AlloyModel__8.als\t2026-07-03 15:20:22.386592548 -0500\n@@ -195,7 +195,7 @@\n     all s: State | \n         s.mode = EmergencyMode =>\n-            s.emergencyAdmins = (let et = {e: EmergencyTrigger | e.session = s.session && leq[e.at, s.t] && (no e.endedAt or lt[s.t, e.endedAt)]} | (some et => et.admins else none))\n+            s.emergencyAdmins = (let et = {e: EmergencyTrigger | e.session = s.session && leq[e.at, s.t] && (no e.endedAt or lt[s.t, e.endedAt])} | (some et => et.admins else none))\n }\n \n",
    "expected_impact": {
      "satToUnsat": [],
      "unsatToSat": [],
      "passToFail": [],
      "failToPass": []
    },
    "actual_impact": {
      "satToUnsat": [],
      "unsatToSat": [],
      "passToFail": [],
      "failToPass": []
    },
    "outcome_classification": "pending",
    "issue": "syntax error at line 75 in fun leq",
    "syntax_error_context": "This must be a set or relation.\nInstead, it has the following possible type(s):\n{PrimitiveBoolean}",
    "resolved_target_issue": false,
    "resolution_status": null,
    "fix_pattern_detected": "1 previous fix attempt for this issue has failed",
    "is_reverted": false,
    "evaluator_feedback": "```\n[DIAGNOSIS]:\nThe root cause is that the function leq is declared to return a Bool (the enum), but its body is a Boolean formula (using logical 'or' and set membership), not a set or relation of type Bool as required by Alloy's function return typing. In Alloy, function bodies returning enums must explicitly return a value of the enum, not a Boolean formula. The error arises because the body \"t1 = t2 or t1 in t2.^~next\" is a Boolean (PrimitiveBoolean in Alloy's type system), not a set or relation, and cannot be returned as a value of enum type Bool.\n\n[FIX INTENT]:\nChange the leq function to return a PrimitiveBoolean (i.e., logical value), not the Bool enum.\n\n[REPAIR INSTRUCTIONS]:\n- Step 1: Locate the function signature of leq at line 75: \"fun leq[t1, t2: Time]: Bool {\"\n- Step 2: Change the return type from \"Bool\" to \"Bool\" (primitive), by removing the explicit \": Bool\" type annotation. In Alloy 6, omitting the return type defaults the function body to return a Boolean formula.\n- Step 3: The corrected function should be: \"fun leq[t1, t2: Time] { t1 = t2 or t1 in t2.^~next }\"\n\n[RATIONALE]:\nThis fix is Alloy 6-compliant because it matches the expected return type of the function body (a Boolean formula), and differs from failed attempts that did not address the return type mismatch; it aligns the function's output with Alloy's type checker expectations for Boolean-valued helper functions.\n\n[LESSON]:\nWhen writing helper functions in Alloy that return logical truth values, do not specify an enum or signature as the return type; let Alloy infer a PrimitiveBoolean result from the formula.\n```",
    "error_signature": null,
    "issue_pattern": null,
    "semantic_issue_persistence": null,
    "repair_escalation": null,
    "repair_signature": null,
    "timestamp": "2026-07-03T15:20:22.387629"
  },
  {
    "iteration_id": 9,
    "model_file_location": "Output/AlloyModels/AlloyModel__9.als",
    "fix_intent": "Correct the return type of the leq function from the Bool enum to a primitive Boolean formula so that Alloy 6 type checking is satisfied.",
    "source_ref": "Evaluator syntax repair instruction: function leq was declared as \"fun leq[t1, t2: Time]: Bool\" but its body is a Boolean formula, not a value of enum Bool.",
    "current_result": {
      "syntax": "Error",
      "error_message": "There are 1 possible tokens that can appear here:\n:\nSyntax error in /home/nati/autoRE/Output/AlloyModels/AlloyModel__9.als at line 75 column 23:",
      "satisfied_predicates": [],
      "unsatisfied_predicates": [],
      "counterexamples": [],
      "no_counterexample": []
    },
    "previous_result": {
      "syntax": "Error",
      "error_message": "This must be a set or relation.\nInstead, it has the following possible type(s):\n{PrimitiveBoolean}",
      "satisfied_predicates": [],
      "unsatisfied_predicates": [],
      "counterexamples": [],
      "no_counterexample": []
    },
    "updated_lines": "--- Output/AlloyModels/AlloyModel__8.als\t2026-07-03 15:20:22.386592548 -0500\n+++ Output/AlloyModels/AlloyModel__9.als\t2026-07-03 15:21:08.167580748 -0500\n@@ -72,7 +72,7 @@\n }\n \n-fun leq[t1, t2: Time]: Bool {\n+fun leq[t1, t2: Time] {\n     t1 = t2 or t1 in t2.^~next\n }\n fun lt[t1, t2: Time]: Bool {\n",
    "expected_impact": {
      "satToUnsat": [],
      "unsatToSat": [],
      "passToFail": [],
      "failToPass": []
    },
    "actual_impact": {
      "satToUnsat": [],
      "unsatToSat": [],
      "passToFail": [],
      "failToPass": []
    },
    "outcome_classification": "pending",
    "issue": "syntax error at line 75 in fun leq",
    "syntax_error_context": "There are 1 possible tokens that can appear here:\n:\nSyntax error in /home/nati/autoRE/Output/AlloyModels/AlloyModel__9.als at line 75 column 23:",
    "resolved_target_issue": true,
    "resolution_status": null,
    "fix_pattern_detected": null,
    "is_reverted": false,
    "evaluator_feedback": "```\n[DIAGNOSIS]:\nThe syntax error at line 75, column 23 occurs because the function leq is missing a return type declaration. In Alloy 6, all function declarations must explicitly specify the return type after the parameter list, using a colon followed by the type (e.g., \": Bool\"). The current code omits the return type and directly opens a block with '{', which is not allowed.\n\n[FIX INTENT]:\nAdd an explicit return type declaration to the function leq so that it conforms to Alloy 6 function syntax.\n\n[REPAIR INSTRUCTIONS]:\n- Step 1: Locate the function definition for leq at line 75: fun leq[t1, t2: Time] {\n- Step 2: Modify the line to include a return type, changing it to: fun leq[t1, t2: Time]: Bool {\n  (i.e., insert \": Bool\" before the '{')\n- Step 3: Ensure the function body remains unchanged, as it already returns a Boolean expression.\n\n[RATIONALE]:\nThis fix is Alloy 6 compliant because all functions must declare their return type; adding \": Bool\" directly resolves the parsing error and is different from previous failed attempts, which focused on set comprehension brackets elsewhere.\n\n[LESSON]:\nAlways specify a return type in Alloy 6 function declarations to prevent syntax errors related to omitted type information.\n```",
    "error_signature": null,
    "issue_pattern": null,
    "semantic_issue_persistence": null,
    "repair_escalation": null,
    "repair_signature": null,
    "timestamp": "2026-07-03T15:21:08.168997"
  },
  {
    "iteration_id": 10,
    "model_file_location": "Output/AlloyModels/AlloyModel__10.als",
    "fix_intent": "Added an explicit return type \": Bool\" to the function leq to comply with Alloy 6 syntax requirements for function declarations.",
    "source_ref": "Evaluator syntax repair instruction: function leq missing return type annotation at line 75.",
    "current_result": {
      "syntax": "Error",
      "error_message": "This must be a set or relation.\nInstead, it has the following possible type(s):\n{PrimitiveBoolean}",
      "satisfied_predicates": [],
      "unsatisfied_predicates": [],
      "counterexamples": [],
      "no_counterexample": []
    },
    "previous_result": {
      "syntax": "Error",
      "error_message": "There are 1 possible tokens that can appear here:\n:\nSyntax error in /home/nati/autoRE/Output/AlloyModels/AlloyModel__9.als at line 75 column 23:",
      "satisfied_predicates": [],
      "unsatisfied_predicates": [],
      "counterexamples": [],
      "no_counterexample": []
    },
    "updated_lines": "--- Output/AlloyModels/AlloyModel__9.als\t2026-07-03 15:21:08.167580748 -0500\n+++ Output/AlloyModels/AlloyModel__10.als\t2026-07-03 15:21:54.276322872 -0500\n@@ -72,7 +72,7 @@\n }\n \n-fun leq[t1, t2: Time] {\n+fun leq[t1, t2: Time]: Bool {\n     t1 = t2 or t1 in t2.^~next\n }\n fun lt[t1, t2: Time]: Bool {\n",
    "expected_impact": {
      "satToUnsat": [],
      "unsatToSat": [],
      "passToFail": [],
      "failToPass": []
    },
    "actual_impact": {
      "satToUnsat": [],
      "unsatToSat": [],
      "passToFail": [],
      "failToPass": []
    },
    "outcome_classification": "pending",
    "issue": "syntax error at line 75 in fun leq",
    "syntax_error_context": "This must be a set or relation.\nInstead, it has the following possible type(s):\n{PrimitiveBoolean}",
    "resolved_target_issue": true,
    "resolution_status": null,
    "fix_pattern_detected": null,
    "is_reverted": false,
    "evaluator_feedback": "```\n[DIAGNOSIS]:\nThe error is caused by declaring the return type of the function leq as 'Bool', which is an enum in this model, but the function body returns a Boolean formula (a predicate expression), not a value of the 'Bool' enum. Alloy expects function return types to be sets or relations, not primitive Boolean values, unless the function is a predicate (returns a Boolean formula with no explicit return type). The error message points out that the function body is returning a PrimitiveBoolean, but Alloy expects a set or relation when a return type is declared.\n\n[FIX INTENT]:\nChange leq from a function returning 'Bool' to a predicate, or remove the explicit return type so Alloy treats it as a predicate.\n\n[REPAIR INSTRUCTIONS]:\n- Step 1: Go to line 75 and locate the function declaration: 'fun leq[t1, t2: Time]: Bool { ... }'.\n- Step 2: Remove ': Bool' from the function signature, changing it to 'fun leq[t1, t2: Time] { ... }'.\n- Step 3: Alternatively, if you want leq to be a predicate (which is more conventional for Boolean conditions in Alloy), change 'fun' to 'pred' for leq and adjust any calls accordingly.\n- Step 4: Verify that all usages of leq in the model are consistent with its new definition (i.e., used as a predicate, not as a set).\n\n[RATIONALE]:\nThis fix is Alloy 6 compliant because it aligns the function's signature with the actual result type (a Boolean formula/predicate, not a set or enum value). It is different from previous failed attempts, which did not address the root mismatch between function return type and body type.\n\n[LESSON]:\nIn Alloy, functions declared with an explicit return type must return sets or relations, not Boolean formulas. Use predicates for logical/Boolean-valued helpers.\n```",
    "error_signature": null,
    "issue_pattern": null,
    "semantic_issue_persistence": null,
    "repair_escalation": null,
    "repair_signature": null,
    "timestamp": "2026-07-03T15:21:54.277360"
  },
  {
    "iteration_id": 11,
    "model_file_location": "Output/AlloyModels/AlloyModel__11.als",
    "fix_intent": "Remove the explicit ': Bool' return type from the function 'leq' so that Alloy treats it as a predicate returning a Boolean formula, resolving the type error.",
    "source_ref": "Evaluator syntax repair instruction: line 75 - function 'leq' declared with ': Bool' but returns Boolean formula.",
    "current_result": {
      "syntax": "Error",
      "error_message": "There are 1 possible tokens that can appear here:\n:\nSyntax error in /home/nati/autoRE/Output/AlloyModels/AlloyModel__11.als at line 75 column 23:",
      "satisfied_predicates": [],
      "unsatisfied_predicates": [],
      "counterexamples": [],
      "no_counterexample": []
    },
    "previous_result": {
      "syntax": "Error",
      "error_message": "This must be a set or relation.\nInstead, it has the following possible type(s):\n{PrimitiveBoolean}",
      "satisfied_predicates": [],
      "unsatisfied_predicates": [],
      "counterexamples": [],
      "no_counterexample": []
    },
    "updated_lines": "--- Output/AlloyModels/AlloyModel__10.als\t2026-07-03 15:21:54.276322872 -0500\n+++ Output/AlloyModels/AlloyModel__11.als\t2026-07-03 15:22:40.328608295 -0500\n@@ -72,7 +72,7 @@\n }\n \n-fun leq[t1, t2: Time]: Bool {\n+fun leq[t1, t2: Time] {\n     t1 = t2 or t1 in t2.^~next\n }\n fun lt[t1, t2: Time]: Bool {\n",
    "expected_impact": {
      "satToUnsat": [],
      "unsatToSat": [],
      "passToFail": [],
      "failToPass": []
    },
    "actual_impact": null,
    "outcome_classification": "pending",
    "issue": "syntax error at line 75 in fun leq",
    "syntax_error_context": "There are 1 possible tokens that can appear here:\n:\nSyntax error in /home/nati/autoRE/Output/AlloyModels/AlloyModel__11.als at line 75 column 23:",
    "resolved_target_issue": null,
    "resolution_status": null,
    "fix_pattern_detected": null,
    "is_reverted": false,
    "evaluator_feedback": "```\n[DIAGNOSIS]:\nThe function leq is defined using curly braces `{}` without specifying a return type, which in Alloy indicates a function body returning a set or value. However, Alloy 6 requires that a function declaration either provides an explicit return type followed by a block in braces (for value-returning functions), or—if the function is meant to be a predicate—use the pred keyword. In this context, leq is used as a boolean-valued function in the rest of the model, but its current definition omits the return type, causing Alloy to expect a colon and type after the parameter list, not a block. This syntax error is flagged at the opening brace.\n\n[FIX INTENT]:\nSpecify an explicit return type (e.g., Bool) for the leq function and rewrite the function body as a boolean expression.\n\n[REPAIR INSTRUCTIONS]:\n- Step 1: Change the signature of leq from:\n      fun leq[t1, t2: Time] {\n  to:\n      fun leq[t1, t2: Time]: Bool {\n- Step 2: Ensure the function body is a single boolean expression (as it already is).\n- Step 3: Double-check that the curly braces enclose this boolean expression.\n\n[RATIONALE]:\nThis fix is compliant with Alloy 6’s requirement for functions to declare a return type and is distinct from previous failed attempts, which did not address the missing return type or function declaration syntax.\n\n[LESSON]:\nAlways specify the return type for Alloy functions; omitting it leads to ambiguity and parsing errors in recent Alloy versions.\n```",
    "error_signature": null,
    "issue_pattern": null,
    "semantic_issue_persistence": null,
    "repair_escalation": null,
    "repair_signature": null,
    "timestamp": "2026-07-03T15:22:40.329701"
  },
  {
    "iteration_id": 12,
    "model_file_location": "Output/AlloyModels/AlloyModel__12.als",
    "fix_intent": "Add an explicit return type to the leq function and rewrite its body as a single boolean expression to conform to Alloy 6 function declaration syntax.",
    "source_ref": "Evaluator syntax repair instruction: leq function missing return type and incorrectly uses braces for a boolean formula.",
    "current_result": {
      "syntax": "Error",
      "error_message": "This must be a set or relation.\nInstead, it has the following possible type(s):\n{PrimitiveBoolean}",
      "satisfied_predicates": [],
      "unsatisfied_predicates": [],
      "counterexamples": [],
      "no_counterexample": []
    },
    "previous_result": {
      "syntax": "Error",
      "error_message": "There are 1 possible tokens that can appear here:\n:\nSyntax error in /home/nati/autoRE/Output/AlloyModels/AlloyModel__11.als at line 75 column 23:",
      "satisfied_predicates": [],
      "unsatisfied_predicates": [],
      "counterexamples": [],
      "no_counterexample": []
    },
    "updated_lines": "--- Output/AlloyModels/AlloyModel__11.als\t2026-07-03 15:22:40.328608295 -0500\n+++ Output/AlloyModels/AlloyModel__12.als\t2026-07-06 11:10:00.899735898 -0500\n@@ -72,7 +72,7 @@\n }\n \n-fun leq[t1, t2: Time] {\n+fun leq[t1, t2: Time]: Bool {\n     t1 = t2 or t1 in t2.^~next\n }\n fun lt[t1, t2: Time]: Bool {\n",
    "expected_impact": {
      "satToUnsat": [],
      "unsatToSat": [],
      "passToFail": [],
      "failToPass": []
    },
    "actual_impact": {
      "satToUnsat": [],
      "unsatToSat": [],
      "passToFail": [],
      "failToPass": []
    },
    "outcome_classification": "syntax_error_blocked: model does not parse; verification skipped",
    "issue": "syntax error at line 75 in fun leq",
    "syntax_error_context": "This must be a set or relation.\nInstead, it has the following possible type(s):\n{PrimitiveBoolean}",
    "resolved_target_issue": null,
    "resolution_status": null,
    "fix_pattern_detected": null,
    "is_reverted": false,
    "evaluator_feedback": "```\n[DIAGNOSIS]:\nThe function leq is incorrectly declared with a return type Bool, but its body is a Boolean formula (not a set/relation or enum value); in Alloy, such functions must omit the return type so Alloy treats them as Boolean-valued predicates or helper functions.\n\n[FIX INTENT]:\nRemove the explicit return type Bool from the leq function so Alloy infers the Boolean result type.\n\n[REPAIR INSTRUCTIONS]:\n- Step 1: Locate the function declaration fun leq[t1, t2: Time]: Bool { ... } at line 75.\n- Step 2: Remove the : Bool return type, so the declaration reads fun leq[t1, t2: Time] { ... }.\n- Step 3: Optionally, replace manual ordering logic in leq and lt with the built-in ordering predicates from util/ordering[Time] module, as suggested by the user guidance.\n\n[RATIONALE]:\nThis fix is Alloy 6 compliant because Boolean-valued helper functions in Alloy must not declare an explicit enum or signature as a return type; omitting the return type allows Alloy to infer a PrimitiveBoolean result, matching the expected usage.\n\n[LESSON]:\nWhen writing Boolean helper functions in Alloy, never specify a return type; always let Alloy infer the type from the Boolean formula in the function body.\n```",
    "error_signature": {
      "issue_kind": "type_error",
      "error_type": "type_error",
      "message_family": "generic_type_error",
      "affected_symbol": "leq",
      "affected_construct": "fun",
      "model_region": "function_declaration",
      "nearby_token": "{",
      "expected_token_family": "",
      "normalized_signature": "type_error:type_error:fun:leq:function_declaration:type_mismatch",
      "root_error_family": "type_mismatch"
    },
    "issue_pattern": {
      "matched_exact_iterations": [],
      "matched_root_family_iterations": [],
      "repeat_count_exact": 0,
      "repeat_count_root_family": 0,
      "pattern_type": "new_issue"
    },
    "semantic_issue_persistence": {
      "issues": [],
      "escalated_issues": [],
      "escalation_required": false
    },
    "repair_escalation": {
      "escalation_level": 0,
      "strategy": "STANDARD_REPAIR",
      "rewrite_block": false,
      "directive": ""
    },
    "repair_signature": null,
    "timestamp": "2026-07-06T11:10:00.900868"
  },
  {
    "iteration_id": 13,
    "model_file_location": "Output/AlloyModels/AlloyModel__13.als",
    "fix_intent": "Remove the explicit return type \": Bool\" from the leq function so Alloy infers a PrimitiveBoolean result, fixing Alloy 6's type/syntax error for Boolean-valued functions.",
    "source_ref": "Evaluator syntax repair instruction: leq function at line 75 should not declare \": Bool\" return type.",
    "current_result": {
      "syntax": "Error",
      "error_message": "There are 1 possible tokens that can appear here:\n:\nSyntax error in /home/nati/autoRE/Output/AlloyModels/AlloyModel__13.als at line 75 column 23:",
      "satisfied_predicates": [],
      "unsatisfied_predicates": [],
      "counterexamples": [],
      "no_counterexample": []
    },
    "previous_result": {
      "syntax": "Error",
      "error_message": "This must be a set or relation.\nInstead, it has the following possible type(s):\n{PrimitiveBoolean}",
      "satisfied_predicates": [],
      "unsatisfied_predicates": [],
      "counterexamples": [],
      "no_counterexample": []
    },
    "updated_lines": "--- Output/AlloyModels/AlloyModel__12.als\t2026-07-06 11:10:00.899735898 -0500\n+++ Output/AlloyModels/AlloyModel__13.als\t2026-07-07 00:22:01.088673510 -0500\n@@ -72,7 +72,7 @@\n }\n \n-fun leq[t1, t2: Time]: Bool {\n+fun leq[t1, t2: Time] {\n     t1 = t2 or t1 in t2.^~next\n }\n fun lt[t1, t2: Time]: Bool {\n",
    "expected_impact": {
      "satToUnsat": [],
      "unsatToSat": [],
      "passToFail": [],
      "failToPass": []
    },
    "actual_impact": {
      "satToUnsat": [],
      "unsatToSat": [],
      "passToFail": [],
      "failToPass": []
    },
    "outcome_classification": "unintended_regression: previous target issue resolved but a new syntax error was introduced",
    "issue": "syntax error at line 75 in fun leq",
    "syntax_error_context": "There are 1 possible tokens that can appear here:\n:\nSyntax error in /home/nati/autoRE/Output/AlloyModels/AlloyModel__13.als at line 75 column 23:",
    "resolved_target_issue": true,
    "resolution_status": null,
    "fix_pattern_detected": null,
    "is_reverted": false,
    "evaluator_feedback": "```\n[DIAGNOSIS]:\nThe root cause of the syntax error is that the function leq is declared without a return type, but its body is written using curly braces {}—which in Alloy denotes a set comprehension or expression returning a relation—while the usage context (e.g., in predicates and constraints) expects a Boolean formula. In Alloy, if you want a function to return a Boolean value, you must use a predicate-style definition (with parentheses), not curly braces. Using curly braces in this context is invalid as it creates a set, not a Boolean, resulting in a syntax error at the opening brace.\n\n[FIX INTENT]:\nChange the body of leq from curly braces to parentheses, making it a Boolean formula function.\n\n[REPAIR INSTRUCTIONS]:\n- Step 1: Locate the function definition: fun leq[t1, t2: Time] { t1 = t2 or t1 in t2.^~next }\n- Step 2: Replace the curly braces {} around the body with parentheses () so it reads: fun leq[t1, t2: Time] ( t1 = t2 or t1 in t2.^~next )\n- Step 3: Ensure there are no curly braces in Boolean-returning function bodies; use parentheses for Boolean formulas.\n\n[RATIONALE]:\nThis fix is Alloy 6 compliant because Boolean-valued functions must use parentheses, not curly braces, for their bodies; it is different from prior attempts, which focused on removing return types rather than correcting the function body delimiter.\n\n[LESSON]:\nIn Alloy, always use parentheses for Boolean-returning function bodies and curly braces for set-returning functions—mixing these leads to syntax errors.\n```",
    "error_signature": {
      "issue_kind": "syntax_error",
      "error_type": "unexpected_token",
      "message_family": "possible_tokens_here",
      "affected_symbol": "leq",
      "affected_construct": "fun",
      "model_region": "function_declaration",
      "nearby_token": "{",
      "expected_token_family": "declaration_or_name",
      "normalized_signature": "syntax_error:unexpected_token:fun:leq:function_declaration:delimiter_or_block_structure_error",
      "root_error_family": "delimiter_or_block_structure_error"
    },
    "issue_pattern": {
      "matched_exact_iterations": [],
      "matched_root_family_iterations": [],
      "repeat_count_exact": 0,
      "repeat_count_root_family": 0,
      "pattern_type": "same_root_area_changed"
    },
    "semantic_issue_persistence": {
      "issues": [],
      "escalated_issues": [],
      "escalation_required": false
    },
    "repair_escalation": {
      "escalation_level": 0,
      "strategy": "STANDARD_REPAIR",
      "rewrite_block": false,
      "directive": ""
    },
    "repair_signature": null,
    "timestamp": "2026-07-07T00:22:01.089813"
  },
  {
    "iteration_id": 14,
    "model_file_location": "Output/AlloyModels/AlloyModel__14.als",
    "fix_intent": "Change the body of the leq function from curly braces to parentheses, making it a Boolean-valued function per Alloy 6 syntax requirements.",
    "source_ref": "Evaluator feedback: \"The root cause of the syntax error is that the function leq is declared without a return type, but its body is written using curly braces {}—which in Alloy denotes a set comprehension or expression returning a relation—while the usage context (e.g., in predicates and constraints) expects a Boolean formula. In Alloy, if you want a function to return a Boolean value, you must use a predicate-style definition (with parentheses), not curly braces. Using curly braces in this context is invalid as it creates a set, not a Boolean, resulting in a syntax error at the opening brace.\"",
    "current_result": {
      "syntax": "Error",
      "error_message": "There are 1 possible tokens that can appear here:\n:\nSyntax error in /home/nati/autoRE/Output/AlloyModels/AlloyModel__14.als at line 75 column 23:",
      "satisfied_predicates": [],
      "unsatisfied_predicates": [],
      "counterexamples": [],
      "no_counterexample": []
    },
    "previous_result": {
      "syntax": "Error",
      "error_message": "There are 1 possible tokens that can appear here:\n:\nSyntax error in /home/nati/autoRE/Output/AlloyModels/AlloyModel__13.als at line 75 column 23:",
      "satisfied_predicates": [],
      "unsatisfied_predicates": [],
      "counterexamples": [],
      "no_counterexample": []
    },
    "updated_lines": "--- Output/AlloyModels/AlloyModel__13.als\t2026-07-07 00:22:01.088673510 -0500\n+++ Output/AlloyModels/AlloyModel__14.als\t2026-07-07 00:28:01.645678486 -0500\n@@ -72,9 +72,7 @@\n }\n \n-fun leq[t1, t2: Time] {\n-    t1 = t2 or t1 in t2.^~next\n-}\n+fun leq[t1, t2: Time] ( t1 = t2 or t1 in t2.^~next )\n fun lt[t1, t2: Time]: Bool {\n     t1 in t2.^~next and t1 != t2\n }\n",
    "expected_impact": {
      "satToUnsat": [],
      "unsatToSat": [],
      "passToFail": [],
      "failToPass": []
    },
    "actual_impact": {
      "satToUnsat": [],
      "unsatToSat": [],
      "passToFail": [],
      "failToPass": []
    },
    "outcome_classification": "no_improvement: syntax error persists after repair attempt",
    "issue": "syntax error at line 75 in fun leq",
    "syntax_error_context": "There are 1 possible tokens that can appear here:\n:\nSyntax error in /home/nati/autoRE/Output/AlloyModels/AlloyModel__14.als at line 75 column 23:",
    "resolved_target_issue": null,
    "resolution_status": null,
    "fix_pattern_detected": "2 total fix attempts for this issue have failed",
    "is_reverted": false,
    "evaluator_feedback": "```\n[DIAGNOSIS]:\nThe syntax error arises because the Alloy 6 fun declaration for leq is missing the required ':' to specify a return type and is missing a function body in the correct form. Additionally, the user's guidance indicates that, rather than declaring a custom leq or lt function, the util/ordering module should be used to provide total order relations like lte and lt on Time, replacing all usages of the custom leq/lt with the built-in ones.\n\n[FIX INTENT]:\nReplace the custom leq and lt functions for Time ordering with the built-in ordering relations from util/ordering[Time], using TO/lte and TO/lt as per the user's directive.\n\n[USER GUIDANCE COMPLIANCE]:\n- Guidance: \"After the parameter list, Alloy expects a return type, beginning with :.\" -> implemented by Step 2 (removal, since function will be replaced)\n- Guidance: \"Use a pred instead of fun if the purpose is to return a value or a boolean.\" -> implemented by Step 2 (removal, since function will be replaced)\n- Guidance: \"You can also use the ordering built-in module, which has the built-in function lte and lt. open util/ordering[Time] as TO, then use: TO/lte[t1, t2] TO/lt[t1, t2]\" -> implemented by Step 1 (adding open statement) and Step 3 (replacing all leq and lt usages)\n\n[REPAIR INSTRUCTIONS]:\n- Step 1: At the top of the model (after other open statements, if any), add: open util/ordering[Time] as TO\n- Step 2: Delete the custom fun leq[t1, t2: Time] and fun lt[t1, t2: Time] blocks entirely from the model.\n- Step 3: In all places where leq[t1, t2] or lt[t1, t2] are used, replace them with TO/lte[t1, t2] and TO/lt[t1, t2] respectively.\n\n[RATIONALE]:\nThis fix is Alloy 6 compliant because it removes the syntactically invalid function declarations and leverages Alloy's built-in total ordering utilities for Time, as the user specified.\n\n[LESSON]:\nWhen defining orderings in Alloy, prefer util/ordering for total order relations instead of custom functions, and always specify function return types and bodies correctly per Alloy 6 syntax.\n```",
    "error_signature": {
      "issue_kind": "syntax_error",
      "error_type": "unexpected_token",
      "message_family": "possible_tokens_here",
      "affected_symbol": "leq",
      "affected_construct": "fun",
      "model_region": "function_declaration",
      "nearby_token": "(",
      "expected_token_family": "declaration_or_name",
      "normalized_signature": "syntax_error:unexpected_token:fun:leq:function_declaration:delimiter_or_block_structure_error",
      "root_error_family": "delimiter_or_block_structure_error"
    },
    "issue_pattern": {
      "matched_exact_iterations": [
        13
      ],
      "matched_root_family_iterations": [],
      "repeat_count_exact": 1,
      "repeat_count_root_family": 1,
      "pattern_type": "same_error_persisted"
    },
    "semantic_issue_persistence": {
      "issues": [],
      "escalated_issues": [],
      "escalation_required": false
    },
    "repair_escalation": {
      "escalation_level": 1,
      "strategy": "FORBID_PRIOR_FIXES",
      "rewrite_block": false,
      "directive": "ESCALATION LEVEL: 1\nSTRATEGY: FORBID_PRIOR_FIXES\nPATTERN: same_error_persisted\nERROR SIGNATURE: syntax_error:unexpected_token:fun:leq:function_declaration:delimiter_or_block_structure_error\nAFFECTED BLOCK: fun leq\nSAME ERROR SEEN IN ITERATIONS: 13, 14 (2 occurrences including current)\nPREVIOUSLY ATTEMPTED FIXES FOR THIS ERROR (ALL FAILED):\n  - (Evaluator, iteration 13) Change the body of leq from curly braces to parentheses, making it a Boolean formula function.\n  - (RE agent, applied in iteration 14) Change the body of the leq function from curly braces to parentheses, making it a Boolean-valued function per Alloy 6 syntax requirements."
    },
    "repair_signature": {
      "operation_families": [
        "add_open_import"
      ],
      "target": "fun leq",
      "strategy": "FORBID_PRIOR_FIXES",
      "normalized_signature": "repair:add_open_import:fun leq"
    },
    "timestamp": "2026-07-07T00:28:01.646818"
  },
  {
    "iteration_id": 15,
    "model_file_location": "Output/AlloyModels/AlloyModel__15.als",
    "fix_intent": "Replace the custom Time ordering functions leq and lt with the built-in ordering module util/ordering[Time], using TO/lte and TO/lt, and update all usages accordingly.",
    "source_ref": "Evaluator feedback: User-directed fix to remove custom fun leq/lt and use open util/ordering[Time] as TO.",
    "current_result": {
      "syntax": "Error",
      "error_message": "This expression failed to be typechecked line 168, column 13 (168,16), filename=/home/nati/autoRE/Output/AlloyModels/AlloyModel__15.als",
      "satisfied_predicates": [],
      "unsatisfied_predicates": [],
      "counterexamples": [],
      "no_counterexample": []
    },
    "previous_result": {
      "syntax": "Error",
      "error_message": "There are 1 possible tokens that can appear here:\n:\nSyntax error in /home/nati/autoRE/Output/AlloyModels/AlloyModel__14.als at line 75 column 23:",
      "satisfied_predicates": [],
      "unsatisfied_predicates": [],
      "counterexamples": [],
      "no_counterexample": []
    },
    "updated_lines": "--- Output/AlloyModels/AlloyModel__14.als\t2026-07-07 00:28:01.645678486 -0500\n+++ Output/AlloyModels/AlloyModel__15.als\t2026-07-08 15:31:58.445274725 -0500\n@@ -2,6 +2,10 @@\n \n+\n+open util/ordering[Time] as TO\n+\n \n abstract sig User {\n@@ -71,12 +75,6 @@\n     next: lone Time\n }\n \n-fun leq[t1, t2: Time] ( t1 = t2 or t1 in t2.^~next )\n-fun lt[t1, t2: Time]: Bool {\n-    t1 in t2.^~next and t1 != t2\n-}\n-\n sig State {\n     t: one Time,\n@@ -108,7 +106,7 @@\n             u in s.emergencyAdmins <=> (\n                 s.mode = EmergencyMode &&\n                 u in Administrator &&\n-                some et: EmergencyTrigger | u in et.admins && et.session = s.session && leq[et.at, s.t] && (no et.endedAt or lt[s.t, et.endedAt])\n+                some et: EmergencyTrigger | u in et.admins && et.session = s.session && TO/lte[et.at, s.t] && (no et.endedAt or TO/lt[s.t, et.endedAt])\n             )\n \n@@ -119,7 +117,7 @@\n \n     all s: State | \n-        lone et: EmergencyTrigger | et.session = s.session && leq[et.at, s.t] && (no et.endedAt or lt[s.t, et.endedAt]) =>\n+        lone et: EmergencyTrigger | et.session = s.session && TO/lte[et.at, s.t] && (no et.endedAt or TO/lt[s.t, et.endedAt]) =>\n             s.mode = EmergencyMode\n }\n \n@@ -128,8 +126,8 @@\n fun rolesHeld[u: User, s: State]: set Role {\n     { d: Delegation |\n-        d.to = u && leq[d.delegatedAt, s.t] &&\n-        (no d.expiresAt or lt[s.t, d.expiresAt]) &&\n+        d.to = u && TO/lte[d.delegatedAt, s.t] &&\n+        (no d.expiresAt or TO/lt[s.t, d.expiresAt]) &&\n         d.revoked = False &&\n         d in s.delegations\n     }.role\n@@ -193,7 +191,7 @@\n     all s: State | \n         s.mode = EmergencyMode =>\n-            s.emergencyAdmins = (let et = {e: EmergencyTrigger | e.session = s.session && leq[e.at, s.t] && (no e.endedAt or lt[s.t, e.endedAt])} | (some et => et.admins else none))\n+            s.emergencyAdmins = (let et = {e: EmergencyTrigger | e.session = s.session && TO/lte[e.at, s.t] && (no e.endedAt or TO/lt[s.t, e.endedAt])} | (some et => et.admins else none))\n }\n \n@@ -256,7 +254,7 @@\n         s.mode = EmergencyMode =>\n             s.emergencyAdmins in Administrator &&\n             all a: s.emergencyAdmins | \n-                some et: EmergencyTrigger | a in et.admins && et.session = s.session && leq[et.at, s.t] && (no et.endedAt or lt[s.t, et.endedAt])\n+                some et: EmergencyTrigger | a in et.admins && et.session = s.session && TO/lte[et.at, s.t] && (no et.endedAt or TO/lt[s.t, et.endedAt])\n }\n \n",
    "expected_impact": {
      "satToUnsat": [],
      "unsatToSat": [],
      "passToFail": [],
      "failToPass": []
    },
    "actual_impact": {
      "satToUnsat": [],
      "unsatToSat": [],
      "passToFail": [],
      "failToPass": []
    },
    "outcome_classification": "unintended_regression: previous target issue resolved but a new syntax error was introduced",
    "issue": "syntax error at line 168 in pred R1R2",
    "syntax_error_context": "This expression failed to be typechecked line 168, column 13 (168,16), filename=/home/nati/autoRE/Output/AlloyModels/AlloyModel__15.als",
    "resolved_target_issue": true,
    "resolution_status": {
      "status": "resolved_confirmed",
      "target_issue": "syntax error at line 75 in fun leq",
      "target_signature": "syntax_error:unexpected_token:fun:leq:function_declaration:delimiter_or_block_structure_error",
      "confirmed_at": 17
    },
    "fix_pattern_detected": null,
    "is_reverted": false,
    "evaluator_feedback": "[DIAGNOSIS]:\nThe type error at line 168, column 13 in pred R1R2 occurs because the let binding syntax is incorrect. In Alloy 6, let assignments require := instead of =, and within a let-expression, the set comprehension must be syntactically valid. The error message (\"unexpected token 's' while parsing 'let sEnd'\") indicates that Alloy is not recognizing the let binding because it's expecting :=, not =. Previous attempts did not address this core syntax issue. The problematic line is:\nlet sEnd = {s: State | s.session = et.session && (s.t = et.endedAt or (no et.endedAt and false))} |\n\n[FIX INTENT]:\nReplace the invalid let binding (=) with the correct Alloy 6 let assignment operator (:=).\n\n[REPAIR INSTRUCTIONS]:\n- Step 1: In pred R1R2, on line 168, change let sEnd = ... to let sEnd := ... so the line reads:\n    let sEnd := {s: State | s.session = et.session && (s.t = et.endedAt or (no et.endedAt and false))} |\n- Step 2: Ensure that no other let-bindings in this predicate use = instead of :=.\n\n[RATIONALE]:\nThis fix uses Alloy 6's required let assignment syntax (:=), directly addressing the parsing error and differing from prior attempts that only commented out code or placeholders.\n\n[LESSON]:\nAlways use := for let assignments in Alloy 6; using = will result in a syntax error.",
    "error_signature": {
      "issue_kind": "type_error",
      "error_type": "arity_or_join_error",
      "message_family": "invalid_field_join",
      "affected_symbol": "R1R2",
      "affected_construct": "pred",
      "model_region": "predicate_body",
      "nearby_token": "sEnd",
      "expected_token_family": "",
      "normalized_signature": "type_error:arity_or_join_error:pred:R1R2:predicate_body:relation_arity_or_join_error",
      "root_error_family": "relation_arity_or_join_error"
    },
    "issue_pattern": {
      "matched_exact_iterations": [],
      "matched_root_family_iterations": [],
      "repeat_count_exact": 0,
      "repeat_count_root_family": 0,
      "pattern_type": "new_issue"
    },
    "semantic_issue_persistence": {
      "issues": [],
      "escalated_issues": [],
      "escalation_required": false
    },
    "repair_escalation": {
      "escalation_level": 0,
      "strategy": "STANDARD_REPAIR",
      "rewrite_block": false,
      "directive": ""
    },
    "repair_signature": {
      "operation_families": [
        "replace_operator_or_token"
      ],
      "target": "pred R1R2",
      "strategy": "STANDARD_REPAIR",
      "normalized_signature": "repair:replace_operator_or_token:pred R1R2"
    },
    "timestamp": "2026-07-08T15:31:58.446458"
  },
  {
    "iteration_id": 16,
    "model_file_location": "Output/AlloyModels/AlloyModel__16.als",
    "fix_intent": "Fix let-binding syntax in predicate R1R2 by replacing let sEnd = ... with let sEnd := ... to conform with Alloy 6's required assignment operator.",
    "source_ref": "Evaluator feedback: R1R2 let binding at line 168 uses = instead of :=",
    "current_result": {
      "syntax": "Error",
      "error_message": "There are 1 possible tokens that can appear here:\n=\nSyntax error in /home/nati/autoRE/Output/AlloyModels/AlloyModel__16.als at line 168 column 18:",
      "satisfied_predicates": [],
      "unsatisfied_predicates": [],
      "counterexamples": [],
      "no_counterexample": []
    },
    "previous_result": {
      "syntax": "Error",
      "error_message": "This expression failed to be typechecked line 168, column 13 (168,16), filename=/home/nati/autoRE/Output/AlloyModels/AlloyModel__15.als",
      "satisfied_predicates": [],
      "unsatisfied_predicates": [],
      "counterexamples": [],
      "no_counterexample": []
    },
    "updated_lines": "--- Output/AlloyModels/AlloyModel__15.als\t2026-07-08 15:31:58.445274725 -0500\n+++ Output/AlloyModels/AlloyModel__16.als\t2026-07-08 15:32:48.764196044 -0500\n@@ -165,7 +165,7 @@\n     all et: EmergencyTrigger | \n         some sStart: State | sStart.t = et.at && sStart.session = et.session && sStart.mode = EmergencyMode \n         implies\n-        let sEnd = {s: State | s.session = et.session && (s.t = et.endedAt or (no et.endedAt and false))} |\n+        let sEnd := {s: State | s.session = et.session && (s.t = et.endedAt or (no et.endedAt and false))} |\n             some sEnd && all s: sEnd | s.mode = NormalMode\n     all s: State | \n",
    "expected_impact": {
      "satToUnsat": [],
      "unsatToSat": [],
      "passToFail": [],
      "failToPass": []
    },
    "actual_impact": {
      "satToUnsat": [],
      "unsatToSat": [],
      "passToFail": [],
      "failToPass": []
    },
    "outcome_classification": "no_improvement: target issue recurred at iteration 16 (temporary absence, not a real fix)",
    "issue": "syntax error at line 168 in pred R1R2",
    "syntax_error_context": "There are 1 possible tokens that can appear here:\n=\nSyntax error in /home/nati/autoRE/Output/AlloyModels/AlloyModel__16.als at line 168 column 18:",
    "resolved_target_issue": false,
    "resolution_status": {
      "status": "resolution_reverted",
      "target_issue": "syntax error at line 168 in pred R1R2",
      "target_signature": "type_error:arity_or_join_error:pred:R1R2:predicate_body:relation_arity_or_join_error",
      "recurred_at": 16
    },
    "fix_pattern_detected": "2 total fix attempts for this issue have failed",
    "is_reverted": false,
    "evaluator_feedback": "```\n[DIAGNOSIS]:\nThe syntax error at line 168 (\"let sEnd := ...\") is due to invalid placement and usage of the let-binding in Alloy 6: a let-binding must assign to a name either a scalar or a set, but the surrounding context is a quantified implication split across multiple lines without proper bracketing. Specifically, the let-binding is intended to scope sEnd for the subsequent conjuncts, but Alloy does not allow a let-binding to follow an implication (implies) directly as a new statement in a predicate body—the let statement must be wrapped so Alloy parses it as a single expression. The error was not in the assignment operator (:=, which is correct), but in the syntactic position and block structure.\n\n[FIX INTENT]:\nWrap the implication's consequent (the let-binding and all following expressions) in parentheses so Alloy parses the implication as a single block, and nest the let-binding within this block.\n\n[REPAIR INSTRUCTIONS]:\n- Step 1: In the R1R2 predicate, at lines 165-170, rewrite the implication as follows:\n  - Replace:\n    ```\n    some sStart: State | sStart.t = et.at && sStart.session = et.session && sStart.mode = EmergencyMode \n    implies\n    let sEnd := {s: State | s.session = et.session && (s.t = et.endedAt or (no et.endedAt and false))} |\n        some sEnd && all s: sEnd | s.mode = NormalMode\n    ```\n  - With:\n    ```\n    some sStart: State | sStart.t = et.at && sStart.session = et.session && sStart.mode = EmergencyMode \n    implies (\n        let sEnd := {s: State | s.session = et.session && (s.t = et.endedAt or (no et.endedAt and false))} |\n            some sEnd && all s: sEnd | s.mode = NormalMode\n    )\n    ```\n- Step 2: Ensure the parentheses enclose both the let-binding and all expressions using sEnd that are part of the implication's consequent.\n\n[RATIONALE]:\nThis fix is Alloy 6 compliant because it correctly scopes the let-binding within the implication's consequent, following Alloy's rule that let-bindings must appear within a single expression or block, and not as a top-level statement after an implication; it also differs from prior failed attempts that focused on the assignment operator rather than the block structure.\n\n[LESSON]:\nWhen using let-bindings together with multi-line implications or if-then-else expressions in Alloy, always use parentheses to delimit the scope so Alloy parses the entire consequent as a single block.\n```",
    "error_signature": {
      "issue_kind": "syntax_error",
      "error_type": "unexpected_token",
      "message_family": "possible_tokens_here",
      "affected_symbol": "R1R2",
      "affected_construct": "pred",
      "model_region": "predicate_body",
      "nearby_token": ":",
      "expected_token_family": "declaration_or_name",
      "normalized_signature": "syntax_error:unexpected_token:pred:R1R2:predicate_body:delimiter_or_block_structure_error",
      "root_error_family": "delimiter_or_block_structure_error"
    },
    "issue_pattern": {
      "matched_exact_iterations": [],
      "matched_root_family_iterations": [
        13,
        14
      ],
      "repeat_count_exact": 0,
      "repeat_count_root_family": 2,
      "pattern_type": "same_root_area_changed"
    },
    "semantic_issue_persistence": {
      "issues": [],
      "escalated_issues": [],
      "escalation_required": false
    },
    "repair_escalation": {
      "escalation_level": 0,
      "strategy": "STANDARD_REPAIR",
      "rewrite_block": false,
      "directive": ""
    },
    "repair_signature": {
      "operation_families": [
        "delimiter_fix"
      ],
      "target": "pred R1R2",
      "strategy": "STANDARD_REPAIR",
      "normalized_signature": "repair:delimiter_fix:pred R1R2"
    },
    "timestamp": "2026-07-08T15:32:48.765266"
  },
  {
    "iteration_id": 17,
    "model_file_location": "Output/AlloyModels/AlloyModel__17.als",
    "fix_intent": "Fix the syntax error in the R1R2 predicate by wrapping the implication's consequent in parentheses so that the let-binding and all following expressions are correctly scoped as a single block, per Alloy 6 syntax rules.",
    "source_ref": "Evaluator feedback: Syntax error at R1R2 predicate, improper placement of let-binding after implication; must wrap the let-binding and its use in parentheses.",
    "current_result": {
      "syntax": "Error",
      "error_message": "There are 1 possible tokens that can appear here:\n=\nSyntax error in /home/nati/autoRE/Output/AlloyModels/AlloyModel__17.als at line 168 column 22:",
      "satisfied_predicates": [],
      "unsatisfied_predicates": [],
      "counterexamples": [],
      "no_counterexample": []
    },
    "previous_result": {
      "syntax": "Error",
      "error_message": "There are 1 possible tokens that can appear here:\n=\nSyntax error in /home/nati/autoRE/Output/AlloyModels/AlloyModel__16.als at line 168 column 18:",
      "satisfied_predicates": [],
      "unsatisfied_predicates": [],
      "counterexamples": [],
      "no_counterexample": []
    },
    "updated_lines": "--- Output/AlloyModels/AlloyModel__16.als\t2026-07-08 15:32:48.764196044 -0500\n+++ Output/AlloyModels/AlloyModel__17.als\t2026-07-08 15:33:49.504546495 -0500\n@@ -164,9 +164,10 @@\n     all et: EmergencyTrigger | \n         some sStart: State | sStart.t = et.at && sStart.session = et.session && sStart.mode = EmergencyMode \n-        implies\n-        let sEnd := {s: State | s.session = et.session && (s.t = et.endedAt or (no et.endedAt and false))} |\n-            some sEnd && all s: sEnd | s.mode = NormalMode\n+        implies (\n+            let sEnd := {s: State | s.session = et.session && (s.t = et.endedAt or (no et.endedAt and false))} |\n+                some sEnd && all s: sEnd | s.mode = NormalMode\n+        )\n     all s: State | \n         s.mode = EmergencyMode =>\n",
    "expected_impact": {
      "satToUnsat": [],
      "unsatToSat": [],
      "passToFail": [],
      "failToPass": []
    },
    "actual_impact": {
      "satToUnsat": [],
      "unsatToSat": [],
      "passToFail": [],
      "failToPass": []
    },
    "outcome_classification": "no_improvement: syntax error persists after repair attempt",
    "issue": "syntax error at line 168 in pred R1R2",
    "syntax_error_context": "There are 1 possible tokens that can appear here:\n=\nSyntax error in /home/nati/autoRE/Output/AlloyModels/AlloyModel__17.als at line 168 column 22:",
    "resolved_target_issue": null,
    "resolution_status": null,
    "fix_pattern_detected": "3 total fix attempts for this issue. Similar approach used 2 times: \"Fix let-binding syntax in predicate R1R2 by replacing let sEnd = ... with let sEnd := ... to conform with Alloy 6's required assignment operator.\"",
    "is_reverted": false,
    "evaluator_feedback": "[DIAGNOSIS]:\nThe syntax error occurs at line 168 in the pred R1R2 block, specifically at the let binding: let sEnd := {s: State | ...} |. Alloy 6 does not allow a let binding to be followed immediately by a vertical bar (|), as this is valid only in quantifiers (all, some, etc.), not in let expressions. The intent seems to be to introduce a local variable sEnd (a set of State), then use it in the subsequent Boolean formula. Previous failed fixes focused on changing := versus =, or on bracketing, but none addressed that Alloy 6 requires let ... = ... { ... } (curly braces) to delimit the let-bound scope for multi-line or compound expressions.\n\n[FIX INTENT]:\nEncapsulate the let binding and its dependent expressions within curly braces to create a valid Alloy 6 let-block.\n\n[REPAIR INSTRUCTIONS]:\n- Step 1: In pred R1R2, locate the line let sEnd := {s: State | s.session = et.session && (s.t = et.endedAt or (no et.endedAt and false))} |.\n- Step 2: Replace the line and its dependent lines (some sEnd && all s: sEnd | s.mode = NormalMode) with a let-block as follows:\n\nlet sEnd = {s: State | s.session = et.session && (s.t = et.endedAt or (no et.endedAt and false))} {\n    some sEnd && all s: sEnd | s.mode = NormalMode\n}\n\n- Step 3: Ensure the let-block is enclosed in curly braces, not parentheses, and that it directly replaces the prior vertical bar (|) usage.\n\n[RATIONALE]:\nThis fix uses the Alloy 6-compliant multi-line let-block syntax, which properly scopes the let binding and its dependent Boolean expressions using curly braces, eliminating the syntax error and differing from prior failed attempts that only changed let assignment operators or bracketing.\n\n[LESSON]:\nIn Alloy 6, let bindings that introduce local variables for use in multi-line or compound Boolean expressions must use curly braces to create a let-block; using a vertical bar (|) as after quantifiers is a common source of syntax errors.",
    "error_signature": {
      "issue_kind": "syntax_error",
      "error_type": "unexpected_token",
      "message_family": "possible_tokens_here",
      "affected_symbol": "R1R2",
      "affected_construct": "pred",
      "model_region": "predicate_body",
      "nearby_token": ":",
      "expected_token_family": "declaration_or_name",
      "normalized_signature": "syntax_error:unexpected_token:pred:R1R2:predicate_body:delimiter_or_block_structure_error",
      "root_error_family": "delimiter_or_block_structure_error"
    },
    "issue_pattern": {
      "matched_exact_iterations": [
        16
      ],
      "matched_root_family_iterations": [
        13,
        14
      ],
      "repeat_count_exact": 1,
      "repeat_count_root_family": 3,
      "pattern_type": "same_error_persisted"
    },
    "semantic_issue_persistence": {
      "issues": [],
      "escalated_issues": [],
      "escalation_required": false
    },
    "repair_escalation": {
      "escalation_level": 1,
      "strategy": "FORBID_PRIOR_FIXES",
      "rewrite_block": false,
      "directive": "ESCALATION LEVEL: 1\nSTRATEGY: FORBID_PRIOR_FIXES\nPATTERN: same_error_persisted\nERROR SIGNATURE: syntax_error:unexpected_token:pred:R1R2:predicate_body:delimiter_or_block_structure_error\nAFFECTED BLOCK: pred R1R2\nSAME ERROR SEEN IN ITERATIONS: 16, 17 (2 occurrences including current)\nRELATED ERRORS (same root cause family) IN ITERATIONS: 13, 14\nREPAIR OPERATIONS ALREADY ATTEMPTED (normalized - do not prescribe these operation types again):\n  - repair:delimiter_fix:pred R1R2\n  - repair:add_open_import:fun leq\nPREVIOUSLY ATTEMPTED FIXES FOR THIS ERROR (ALL FAILED):\n  - (Evaluator, iteration 16) Wrap the implication's consequent (the let-binding and all following expressions) in parentheses so Alloy parses the implication as a single block, and nest the let-binding within this block.\n  - (RE agent, applied in iteration 17) Fix the syntax error in the R1R2 predicate by wrapping the implication's consequent in parentheses so that the let-binding and all following expressions are correctly scoped as a single block, per Alloy 6 syntax rules.\n  - (Evaluator, iteration 13) Change the body of leq from curly braces to parentheses, making it a Boolean formula function.\n  - (RE agent, applied in iteration 14) Change the body of the leq function from curly braces to parentheses, making it a Boolean-valued function per Alloy 6 syntax requirements.\n  - (Evaluator, iteration 14) Replace the custom leq and lt functions for Time ordering with the built-in ordering relations from util/ordering[Time], using TO/lte and TO/lt as per the user's directive. [USER GUIDANCE COMPLIANCE]: - Guidance: \"After the parameter list, Alloy expects a return type, beginning with :.\" -> implement\n  - (RE agent, applied in iteration 15) Replace the custom Time ordering functions leq and lt with the built-in ordering module util/ordering[Time], using TO/lte and TO/lt, and update all usages accordingly."
    },
    "repair_signature": {
      "operation_families": [
        "delimiter_fix"
      ],
      "target": "pred R1R2",
      "strategy": "FORBID_PRIOR_FIXES",
      "normalized_signature": "repair:delimiter_fix:pred R1R2"
    },
    "timestamp": "2026-07-08T15:33:49.506495"
  },
  {
    "iteration_id": 18,
    "model_file_location": "Output/AlloyModels/AlloyModel__18.als",
    "fix_intent": "Fix the syntax error in pred R1R2 by encapsulating the let binding and its dependent expressions within curly braces, converting it into a let-block per Alloy 6 syntax requirements.",
    "source_ref": "Evaluator syntax repair instruction: pred R1R2 let binding requires curly-brace let-block (Evaluator iteration 18).",
    "current_result": {
      "syntax": "Error",
      "error_message": "This expression failed to be typechecked line 169, column 17 (169,20), filename=/home/nati/autoRE/Output/AlloyModels/AlloyModel__18.als",
      "satisfied_predicates": [],
      "unsatisfied_predicates": [],
      "counterexamples": [],
      "no_counterexample": []
    },
    "previous_result": {
      "syntax": "Error",
      "error_message": "There are 1 possible tokens that can appear here:\n=\nSyntax error in /home/nati/autoRE/Output/AlloyModels/AlloyModel__17.als at line 168 column 22:",
      "satisfied_predicates": [],
      "unsatisfied_predicates": [],
      "counterexamples": [],
      "no_counterexample": []
    },
    "updated_lines": "--- Output/AlloyModels/AlloyModel__17.als\t2026-07-08 15:44:32.367821922 -0500\n+++ Output/AlloyModels/AlloyModel__18.als\t2026-07-08 16:07:15.285080284 -0500\n@@ -164,10 +164,12 @@\n     all et: EmergencyTrigger | \n         some sStart: State | sStart.t = et.at && sStart.session = et.session && sStart.mode = EmergencyMode \n-        implies (\n-            let sEnd := {s: State | s.session = et.session && (s.t = et.endedAt or (no et.endedAt and false))} |\n+        implies \n+        {\n+            let sEnd = {s: State | s.session = et.session && (s.t = et.endedAt or (no et.endedAt and false))} {\n                 some sEnd && all s: sEnd | s.mode = NormalMode\n-        )\n+            }\n+        }\n     all s: State | \n         s.mode = EmergencyMode =>\n",
    "expected_impact": {
      "satToUnsat": [],
      "unsatToSat": [],
      "passToFail": [],
      "failToPass": []
    },
    "actual_impact": {
      "satToUnsat": [],
      "unsatToSat": [],
      "passToFail": [],
      "failToPass": []
    },
    "outcome_classification": "no_improvement: target issue recurred at iteration 18 (temporary absence, not a real fix)",
    "issue": "syntax error at line 169 in pred R1R2",
    "syntax_error_context": "This expression failed to be typechecked line 169, column 17 (169,20), filename=/home/nati/autoRE/Output/AlloyModels/AlloyModel__18.als",
    "resolved_target_issue": false,
    "resolution_status": {
      "status": "resolution_reverted",
      "target_issue": "syntax error at line 168 in pred R1R2",
      "target_signature": "syntax_error:unexpected_token:pred:R1R2:predicate_body:delimiter_or_block_structure_error",
      "recurred_at": 18
    },
    "fix_pattern_detected": "3 total fix attempts for this issue. Similar approach used 2 times: \"Fix let-binding syntax in predicate R1R2 by replacing let sEnd = ... with let sEnd := ... to conform with Alloy 6's required assignment operator.\"",
    "is_reverted": false,
    "evaluator_feedback": "```\n[DIAGNOSIS]:\nThe root cause of the syntax error at line 169 in pred R1R2 is not the let binding's assignment operator or bracketing, but rather an invalid use of the let construct in a context where a direct Boolean formula or quantification would be more appropriate. In Alloy 6, let is used for local variable binding for concise expressions, but its block variant is rarely needed when a simple set definition suffices. Here, sEnd is used solely in the next line for quantification, and introducing it via let is unnecessary and complicates the syntax. Previous failed fixes focused on correcting let syntax or scoping but did not question the need for let at all. The underlying problem is that the logic can be written directly using quantifiers over the set defined inline, avoiding let entirely.\n\n[FIX INTENT]:\nEliminate the let binding and rewrite the expression using direct quantification over the intended set.\n\n[REPAIR INSTRUCTIONS]:\n- Step 1: In pred R1R2, locate the block:\n    ```\n    let sEnd = {s: State | s.session = et.session && (s.t = et.endedAt or (no et.endedAt and false))} {\n        some sEnd && all s: sEnd | s.mode = NormalMode\n    }\n    ```\n- Step 2: Remove the let binding entirely.\n- Step 3: Replace it with the following direct quantification:\n    ```\n    some s: State | s.session = et.session && (s.t = et.endedAt or (no et.endedAt and false)) &&\n        all s': State | (s'.session = et.session && (s'.t = et.endedAt or (no et.endedAt and false))) => s'.mode = NormalMode\n    ```\n- Step 4: Place this replacement in the same block (after \"implies\") to preserve the predicate's logic.\n\n[RATIONALE]:\nThis fix eliminates the problematic let construct and instead expresses the intent directly using Alloy 6 quantifiers, which are syntactically valid and avoid the block scoping issues that plagued earlier fixes.\n\n[LESSON]:\nIf a let binding is only used to define a set for an immediate quantifier, prefer writing the quantification directly on the set's definition to avoid scoping and syntax pitfalls in Alloy.\n```",
    "error_signature": {
      "issue_kind": "type_error",
      "error_type": "arity_or_join_error",
      "message_family": "invalid_field_join",
      "affected_symbol": "R1R2",
      "affected_construct": "pred",
      "model_region": "predicate_body",
      "nearby_token": "sEnd",
      "expected_token_family": "",
      "normalized_signature": "type_error:arity_or_join_error:pred:R1R2:predicate_body:relation_arity_or_join_error",
      "root_error_family": "relation_arity_or_join_error"
    },
    "issue_pattern": {
      "matched_exact_iterations": [
        15
      ],
      "matched_root_family_iterations": [],
      "repeat_count_exact": 1,
      "repeat_count_root_family": 1,
      "pattern_type": "recurring_same_error"
    },
    "semantic_issue_persistence": {
      "issues": [],
      "escalated_issues": [],
      "escalation_required": false
    },
    "repair_escalation": {
      "escalation_level": 2,
      "strategy": "BREAK_OSCILLATION",
      "rewrite_block": false,
      "directive": "ESCALATION LEVEL: 2\nSTRATEGY: BREAK_OSCILLATION\nPATTERN: recurring_same_error\nERROR SIGNATURE: type_error:arity_or_join_error:pred:R1R2:predicate_body:relation_arity_or_join_error\nAFFECTED BLOCK: pred R1R2\nSAME ERROR SEEN IN ITERATIONS: 15, 18 (2 occurrences including current)\nREPAIR OPERATIONS ALREADY ATTEMPTED (normalized - do not prescribe these operation types again):\n  - repair:replace_operator_or_token:pred R1R2\nPREVIOUSLY ATTEMPTED FIXES FOR THIS ERROR (ALL FAILED):\n  - (Evaluator, iteration 15) Replace the invalid let binding (=) with the correct Alloy 6 let assignment operator (:=).\n  - (RE agent, applied in iteration 16) Fix let-binding syntax in predicate R1R2 by replacing let sEnd = ... with let sEnd := ... to conform with Alloy 6's required assignment operator."
    },
    "repair_signature": {
      "operation_families": [
        "other_edit"
      ],
      "target": "pred R1R2",
      "strategy": "BREAK_OSCILLATION",
      "normalized_signature": "repair:other_edit:pred R1R2"
    },
    "timestamp": "2026-07-08T16:07:15.286240"
  },
  {
    "iteration_id": 19,
    "model_file_location": "Output/AlloyModels/AlloyModel__19.als",
    "fix_intent": "Rewrite the problematic let-binding in pred R1R2 as direct quantification using Alloy 6-compliant Boolean formulas, per Evaluator repair instructions, to resolve the syntax error.",
    "source_ref": "Evaluator feedback: \"[FIX INTENT]: Eliminate the let binding and rewrite the expression using direct quantification...\"",
    "current_result": {
      "syntax": "Error",
      "error_message": "There are 37 possible tokens that can appear here:\n! # ( * @ Int NAME NUMBER STRING String ^ after all always before disj eventually fun historically iden int let lone no none once one pred seq set some steps sum this univ { ~\nSyntax error in /home/nati/autoRE/Output/AlloyModels/AlloyModel__19.als at line 170 column 13:",
      "satisfied_predicates": [],
      "unsatisfied_predicates": [],
      "counterexamples": [],
      "no_counterexample": []
    },
    "previous_result": {
      "syntax": "Error",
      "error_message": "This expression failed to be typechecked line 169, column 17 (169,20), filename=/home/nati/autoRE/Output/AlloyModels/AlloyModel__18.als",
      "satisfied_predicates": [],
      "unsatisfied_predicates": [],
      "counterexamples": [],
      "no_counterexample": []
    },
    "updated_lines": "--- Output/AlloyModels/AlloyModel__18.als\t2026-07-08 16:07:15.285080284 -0500\n+++ Output/AlloyModels/AlloyModel__19.als\t2026-07-08 16:08:14.609247833 -0500\n@@ -165,11 +165,10 @@\n     all et: EmergencyTrigger | \n         some sStart: State | sStart.t = et.at && sStart.session = et.session && sStart.mode = EmergencyMode \n         implies \n-        {\n-            let sEnd = {s: State | s.session = et.session && (s.t = et.endedAt or (no et.endedAt and false))} {\n-                some sEnd && all s: sEnd | s.mode = NormalMode\n-            }\n-        }\n+        (\n+            some s: State | s.session = et.session && (s.t = et.endedAt or (no et.endedAt and false)) &&\n+            all s': State | (s'.session = et.session && (s'.t = et.endedAt or (no et.endedAt and false))) => s'.mode = NormalMode\n+        )\n     all s: State | \n         s.mode = EmergencyMode =>\n",
    "expected_impact": {
      "satToUnsat": [],
      "unsatToSat": [],
      "passToFail": [],
      "failToPass": []
    },
    "actual_impact": {
      "satToUnsat": [],
      "unsatToSat": [],
      "passToFail": [],
      "failToPass": []
    },
    "outcome_classification": "no_improvement: target issue recurred at iteration 19 (temporary absence, not a real fix)",
    "issue": "syntax error at line 170 in pred R1R2",
    "syntax_error_context": "There are 37 possible tokens that can appear here:\n! # ( * @ Int NAME NUMBER STRING String ^ after all always before disj eventually fun historically iden int let lone no none once one pred seq set some steps sum this univ { ~\nSyntax error in /home/nati/autoRE/Output/AlloyModels/AlloyModel__19.als at line 170 column 13:",
    "resolved_target_issue": false,
    "resolution_status": {
      "status": "resolution_reverted",
      "target_issue": "syntax error at line 169 in pred R1R2",
      "target_signature": "type_error:arity_or_join_error:pred:R1R2:predicate_body:relation_arity_or_join_error",
      "recurred_at": 19
    },
    "fix_pattern_detected": "4 total fix attempts for this issue. Similar approach used 3 times: \"Fix let-binding syntax in predicate R1R2 by replacing let sEnd = ... with let sEnd := ... to conform with Alloy 6's required assignment operator.\"",
    "is_reverted": false,
    "evaluator_feedback": "```\n[DIAGNOSIS]:\nThe recurring syntax error in pred R1R2 arises because Alloy 6 does not permit quantifiers (such as all, some) to be chained directly in a sequence of Boolean expressions without explicit conjunctions (&&) or proper use of parentheses to group the logic. In this block, after the first quantifier, the next quantifier appears as the start of a new line, making Alloy expect a logical operator or a block structure delimiter, but instead encountering another quantifier keyword (all), which is syntactically invalid. Previous failed attempts focused on rewriting local let-bindings or bracketing, but the root issue is the direct, unjoined sequence of quantifiers within the implication's consequent.\n\n[FIX INTENT]:\nRewrite the implication's consequent using explicit conjunction (&&) to join the quantifiers into a single Boolean formula, ensuring each quantifier is properly connected per Alloy 6 syntax.\n\n[REPAIR INSTRUCTIONS]:\n- Step 1: In pred R1R2, locate the implication consequent starting at line 168:\n      (\n          some s: State | s.session = et.session && (s.t = et.endedAt or (no et.endedAt and false)) &&\n          all s': State | (s'.session = et.session && (s'.t = et.endedAt or (no et.endedAt and false))) => s'.mode = NormalMode\n      )\n- Step 2: Insert an explicit conjunction (&&) between the two quantifiers, so the body reads:\n      (\n          (some s: State | s.session = et.session && (s.t = et.endedAt or (no et.endedAt and false)))\n          &&\n          (all s': State | (s'.session = et.session && (s'.t = et.endedAt or (no et.endedAt and false))) => s'.mode = NormalMode)\n      )\n- Step 3: Ensure each quantifier (some, all) is enclosed in its own parentheses if needed for clarity, and that the entire implication consequent is enclosed in parentheses.\n\n[RATIONALE]:\nThis fix is Alloy 6-compliant because it explicitly combines quantifiers in Boolean logic using &&, which Alloy's parser requires, and it differs from prior failed fixes that attempted to restructure let-bindings or block scope rather than directly correcting the quantifier chaining.\n\n[LESSON]:\nWhen chaining multiple quantifiers in Alloy, always join them with logical operators (&&, ||, =>) to create valid Boolean formulas; Alloy does not allow bare quantifier statements to appear in sequence.\n```",
    "error_signature": {
      "issue_kind": "syntax_error",
      "error_type": "unexpected_token",
      "message_family": "possible_tokens_here",
      "affected_symbol": "R1R2",
      "affected_construct": "pred",
      "model_region": "predicate_body",
      "nearby_token": "all",
      "expected_token_family": "block_delimiter",
      "normalized_signature": "syntax_error:unexpected_token:pred:R1R2:predicate_body:delimiter_or_block_structure_error",
      "root_error_family": "delimiter_or_block_structure_error"
    },
    "issue_pattern": {
      "matched_exact_iterations": [
        16,
        17
      ],
      "matched_root_family_iterations": [
        13,
        14
      ],
      "repeat_count_exact": 2,
      "repeat_count_root_family": 4,
      "pattern_type": "recurring_same_error"
    },
    "semantic_issue_persistence": {
      "issues": [],
      "escalated_issues": [],
      "escalation_required": false
    },
    "repair_escalation": {
      "escalation_level": 2,
      "strategy": "BREAK_OSCILLATION",
      "rewrite_block": false,
      "directive": "ESCALATION LEVEL: 2\nSTRATEGY: BREAK_OSCILLATION\nPATTERN: recurring_same_error\nERROR SIGNATURE: syntax_error:unexpected_token:pred:R1R2:predicate_body:delimiter_or_block_structure_error\nAFFECTED BLOCK: pred R1R2\nSAME ERROR SEEN IN ITERATIONS: 16, 17, 19 (3 occurrences including current)\nRELATED ERRORS (same root cause family) IN ITERATIONS: 13, 14\nREPAIR OPERATIONS ALREADY ATTEMPTED (normalized - do not prescribe these operation types again):\n  - repair:delimiter_fix:pred R1R2\n  - repair:add_open_import:fun leq\nPREVIOUSLY ATTEMPTED FIXES FOR THIS ERROR (ALL FAILED):\n  - (Evaluator, iteration 16) Wrap the implication's consequent (the let-binding and all following expressions) in parentheses so Alloy parses the implication as a single block, and nest the let-binding within this block.\n  - (RE agent, applied in iteration 17) Fix the syntax error in the R1R2 predicate by wrapping the implication's consequent in parentheses so that the let-binding and all following expressions are correctly scoped as a single block, per Alloy 6 syntax rules.\n  - (Evaluator, iteration 17) Encapsulate the let binding and its dependent expressions within curly braces to create a valid Alloy 6 let-block.\n  - (RE agent, applied in iteration 18) Fix the syntax error in pred R1R2 by encapsulating the let binding and its dependent expressions within curly braces, converting it into a let-block per Alloy 6 syntax requirements.\n  - (Evaluator, iteration 13) Change the body of leq from curly braces to parentheses, making it a Boolean formula function.\n  - (RE agent, applied in iteration 14) Change the body of the leq function from curly braces to parentheses, making it a Boolean-valued function per Alloy 6 syntax requirements.\n  - (Evaluator, iteration 14) Replace the custom leq and lt functions for Time ordering with the built-in ordering relations from util/ordering[Time], using TO/lte and TO/lt as per the user's directive. [USER GUIDANCE COMPLIANCE]: - Guidance: \"After the parameter list, Alloy expects a return type, beginning with :.\" -> implement\n  - (RE agent, applied in iteration 15) Replace the custom Time ordering functions leq and lt with the built-in ordering module util/ordering[Time], using TO/lte and TO/lt, and update all usages accordingly."
    },
    "repair_signature": {
      "operation_families": [
        "quantifier_change",
        "delimiter_fix"
      ],
      "target": "pred R1R2",
      "strategy": "BREAK_OSCILLATION",
      "normalized_signature": "repair:quantifier_change+delimiter_fix:pred R1R2"
    },
    "timestamp": "2026-07-08T16:08:14.610728"
  },
  {
    "iteration_id": 20,
    "model_file_location": "Output/AlloyModels/AlloyModel__20.als",
    "fix_intent": "Fix the syntax error in pred R1R2 by explicitly joining chained quantifiers in the implication's consequent with an &&, per Alloy 6 syntax rules.",
    "source_ref": "Evaluator syntax repair instruction: pred R1R2 quantifiers must be explicitly joined with &&.",
    "current_result": {
      "syntax": "Error",
      "error_message": "There are 37 possible tokens that can appear here:\n! # ( * @ Int NAME NUMBER STRING String ^ after all always before disj eventually fun historically iden int let lone no none once one pred seq set some steps sum this univ { ~\nSyntax error in /home/nati/autoRE/Output/AlloyModels/AlloyModel__20.als at line 171 column 14:",
      "satisfied_predicates": [],
      "unsatisfied_predicates": [],
      "counterexamples": [],
      "no_counterexample": []
    },
    "previous_result": {
      "syntax": "Error",
      "error_message": "There are 37 possible tokens that can appear here:\n! # ( * @ Int NAME NUMBER STRING String ^ after all always before disj eventually fun historically iden int let lone no none once one pred seq set some steps sum this univ { ~\nSyntax error in /home/nati/autoRE/Output/AlloyModels/AlloyModel__19.als at line 170 column 13:",
      "satisfied_predicates": [],
      "unsatisfied_predicates": [],
      "counterexamples": [],
      "no_counterexample": []
    },
    "updated_lines": "--- Output/AlloyModels/AlloyModel__19.als\t2026-07-08 16:08:14.609247833 -0500\n+++ Output/AlloyModels/AlloyModel__20.als\t2026-07-08 16:09:09.056690816 -0500\n@@ -163,11 +163,12 @@\n     R1[]\n     all et: EmergencyTrigger | \n-        some sStart: State | sStart.t = et.at && sStart.session = et.session && sStart.mode = EmergencyMode \n-        implies \n+        (some sStart: State | sStart.t = et.at && sStart.session = et.session && sStart.mode = EmergencyMode)\n+        implies\n         (\n-            some s: State | s.session = et.session && (s.t = et.endedAt or (no et.endedAt and false)) &&\n-            all s': State | (s'.session = et.session && (s'.t = et.endedAt or (no et.endedAt and false))) => s'.mode = NormalMode\n+            (some s: State | s.session = et.session && (s.t = et.endedAt or (no et.endedAt and false)))\n+            &&\n+            (all s': State | (s'.session = et.session && (s'.t = et.endedAt or (no et.endedAt and false))) => s'.mode = NormalMode)\n         )\n     all s: State | \n",
    "expected_impact": {
      "satToUnsat": [],
      "unsatToSat": [],
      "passToFail": [],
      "failToPass": []
    },
    "actual_impact": {
      "satToUnsat": [],
      "unsatToSat": [],
      "passToFail": [],
      "failToPass": []
    },
    "outcome_classification": "no_improvement: syntax error persists after repair attempt",
    "issue": "syntax error at line 171 in pred R1R2",
    "syntax_error_context": "There are 37 possible tokens that can appear here:\n! # ( * @ Int NAME NUMBER STRING String ^ after all always before disj eventually fun historically iden int let lone no none once one pred seq set some steps sum this univ { ~\nSyntax error in /home/nati/autoRE/Output/AlloyModels/AlloyModel__20.als at line 171 column 14:",
    "resolved_target_issue": false,
    "resolution_status": null,
    "fix_pattern_detected": "5 total fix attempts for this issue. Similar approach used 3 times: \"Fix let-binding syntax in predicate R1R2 by replacing let sEnd = ... with let sEnd := ... to conform with Alloy 6's required assignment operator.\"",
    "is_reverted": false,
    "evaluator_feedback": "```\n[DIAGNOSIS]:\nThe syntax error at line 171 occurs because Alloy 6 does not allow a quantifier (like all s': State | ...) to be placed as a bare statement or as a conjunct within parentheses: every top-level parenthesized block after an implication must be a single Boolean formula, not a sequence of Boolean statements. Previous attempts tried restructuring blocks, joining quantifiers with &&, or flattening quantifiers, all of which failed because they kept the same basic structure and did not address that Alloy 6 expects only Boolean formulas—not statement lists—inside implication consequents. Critically, the error persists because the code is trying to express \"for all s' in some set, some property holds\" as a global quantification, but Alloy allows expressing this with set inclusion and relational expressions rather than explicit quantifiers.\n\n[FIX INTENT]:\nReplace the problematic block of chained quantifiers in the implication consequent with an equivalent set-theoretic inclusion condition using Alloy's relational and set operators.\n\n[REPAIR INSTRUCTIONS]:\n- Step 1: In pred R1R2, locate the implication for all et: EmergencyTrigger | ... implies (...).\n- Step 2: Replace the entire parenthesized implication consequent (currently consisting of two quantifiers joined by &&) with a single Alloy set inclusion/exclusion condition:\n    - Express: \"All States in session et.session at et.endedAt (or, if et.endedAt is none, no such State) must have mode = NormalMode, and at least one such State exists.\"\n    - Alloy 6 idiomatically expresses this as:\n      let sEnd = {s: State | s.session = et.session && (s.t = et.endedAt or (no et.endedAt and false))} |\n        some sEnd && sEnd in State.(mode = NormalMode)\n    - However, to avoid set comprehensions and chained quantifiers, use:\n      let sEnd = {s: State | s.session = et.session && (s.t = et.endedAt or (no et.endedAt and false))} |\n        some sEnd && all s: sEnd | s.mode = NormalMode\n- Step 3: If let-blocks have been unreliable, inline the entire logic without any let:\n      (some s: State | s.session = et.session && (s.t = et.endedAt or (no et.endedAt and false)))\n      &&\n      (all s: State | (s.session = et.session && (s.t = et.endedAt or (no et.endedAt and false))) => s.mode = NormalMode)\n- Step 4: If Alloy still complains about the quantifier chaining, replace all quantifiers with a single expression:\n      all s: State | (s.session = et.session && (s.t = et.endedAt or (no et.endedAt and false))) => s.mode = NormalMode\n      && some s: State | s.session = et.session && (s.t = et.endedAt or (no et.endedAt and false))\n- Step 5: Ensure the implication is now:\n      antecedent implies (all s: State | (s.session = et.session && (s.t = et.endedAt or (no et.endedAt and false))) => s.mode = NormalMode && some s: State | s.session = et.session && (s.t = et.endedAt or (no et.endedAt and false)))\n\n[RATIONALE]:\nThis fix expresses the requirement as a pure Boolean formula using only quantifier-guarded implications and set existence, avoiding any block structure or let-binding altogether; it is Alloy 6 compliant and unlike all previously attempted fixes.\n\n[LESSON]:\nWhen Alloy rejects sequential quantifiers or block-structured logic inside a predicate or implication, reformulate the logic using set inclusion, relational navigation, and flattened Boolean formulas without let-blocks or chained quantifiers.\n```",
    "error_signature": {
      "issue_kind": "syntax_error",
      "error_type": "unexpected_token",
      "message_family": "possible_tokens_here",
      "affected_symbol": "R1R2",
      "affected_construct": "pred",
      "model_region": "predicate_body",
      "nearby_token": "all",
      "expected_token_family": "block_delimiter",
      "normalized_signature": "syntax_error:unexpected_token:pred:R1R2:predicate_body:delimiter_or_block_structure_error",
      "root_error_family": "delimiter_or_block_structure_error"
    },
    "issue_pattern": {
      "matched_exact_iterations": [
        16,
        17,
        19
      ],
      "matched_root_family_iterations": [
        14
      ],
      "repeat_count_exact": 3,
      "repeat_count_root_family": 4,
      "pattern_type": "same_error_persisted"
    },
    "semantic_issue_persistence": {
      "issues": [],
      "escalated_issues": [],
      "escalation_required": false
    },
    "repair_escalation": {
      "escalation_level": 1,
      "strategy": "FORBID_PRIOR_FIXES",
      "rewrite_block": false,
      "directive": "ESCALATION LEVEL: 1\nSTRATEGY: FORBID_PRIOR_FIXES\nPATTERN: same_error_persisted\nERROR SIGNATURE: syntax_error:unexpected_token:pred:R1R2:predicate_body:delimiter_or_block_structure_error\nAFFECTED BLOCK: pred R1R2\nSAME ERROR SEEN IN ITERATIONS: 16, 17, 19, 20 (4 occurrences including current)\nRELATED ERRORS (same root cause family) IN ITERATIONS: 14\nREPAIR OPERATIONS ALREADY ATTEMPTED (normalized - do not prescribe these operation types again):\n  - repair:delimiter_fix:pred R1R2\n  - repair:quantifier_change+delimiter_fix:pred R1R2\n  - repair:add_open_import:fun leq\nPREVIOUSLY ATTEMPTED FIXES FOR THIS ERROR (ALL FAILED):\n  - (Evaluator, iteration 16) Wrap the implication's consequent (the let-binding and all following expressions) in parentheses so Alloy parses the implication as a single block, and nest the let-binding within this block.\n  - (RE agent, applied in iteration 17) Fix the syntax error in the R1R2 predicate by wrapping the implication's consequent in parentheses so that the let-binding and all following expressions are correctly scoped as a single block, per Alloy 6 syntax rules.\n  - (Evaluator, iteration 17) Encapsulate the let binding and its dependent expressions within curly braces to create a valid Alloy 6 let-block.\n  - (RE agent, applied in iteration 18) Fix the syntax error in pred R1R2 by encapsulating the let binding and its dependent expressions within curly braces, converting it into a let-block per Alloy 6 syntax requirements.\n  - (Evaluator, iteration 19) Rewrite the implication's consequent using explicit conjunction (&&) to join the quantifiers into a single Boolean formula, ensuring each quantifier is properly connected per Alloy 6 syntax.\n  - (RE agent, applied in iteration 20) Fix the syntax error in pred R1R2 by explicitly joining chained quantifiers in the implication's consequent with an &&, per Alloy 6 syntax rules.\n  - (Evaluator, iteration 14) Replace the custom leq and lt functions for Time ordering with the built-in ordering relations from util/ordering[Time], using TO/lte and TO/lt as per the user's directive. [USER GUIDANCE COMPLIANCE]: - Guidance: \"After the parameter list, Alloy expects a return type, beginning with :.\" -> implement\n  - (RE agent, applied in iteration 15) Replace the custom Time ordering functions leq and lt with the built-in ordering module util/ordering[Time], using TO/lte and TO/lt, and update all usages accordingly."
    },
    "repair_signature": {
      "operation_families": [
        "quantifier_change",
        "replace_operator_or_token",
        "delimiter_fix"
      ],
      "target": "pred R1R2",
      "strategy": "FORBID_PRIOR_FIXES",
      "normalized_signature": "repair:quantifier_change+replace_operator_or_token+delimiter_fix:pred R1R2"
    },
    "timestamp": "2026-07-08T16:09:09.058219"
  },
  {
    "iteration_id": 21,
    "model_file_location": "Output/AlloyModels/AlloyModel__21.als",
    "fix_intent": "Fix a syntax error in pred R1R2 by rewriting the implication's consequent using only Alloy 6-compliant Boolean formulas with quantifiers and conjunctions, not block or chained quantifiers, per evaluator's stepwise instructions.",
    "source_ref": "Evaluator feedback: Syntax error in pred R1R2 implication consequent due to Alloy 6 restriction on block/chained quantifiers; fix per REPAIR INSTRUCTIONS steps 2–5.",
    "current_result": {
      "syntax": "Error",
      "error_message": "The name \"false\" cannot be found.\nSyntax error in /home/nati/autoRE/Output/AlloyModels/AlloyModel__21.als at line 169 column 96:\nThe name \"false\" cannot be found.",
      "satisfied_predicates": [],
      "unsatisfied_predicates": [],
      "counterexamples": [],
      "no_counterexample": []
    },
    "previous_result": {
      "syntax": "Error",
      "error_message": "There are 37 possible tokens that can appear here:\n! # ( * @ Int NAME NUMBER STRING String ^ after all always before disj eventually fun historically iden int let lone no none once one pred seq set some steps sum this univ { ~\nSyntax error in /home/nati/autoRE/Output/AlloyModels/AlloyModel__20.als at line 171 column 14:",
      "satisfied_predicates": [],
      "unsatisfied_predicates": [],
      "counterexamples": [],
      "no_counterexample": []
    },
    "updated_lines": "--- Output/AlloyModels/AlloyModel__20.als\t2026-07-08 16:09:09.056690816 -0500\n+++ Output/AlloyModels/AlloyModel__21.als\t2026-07-08 16:10:21.433861676 -0500\n@@ -166,9 +166,9 @@\n         (some sStart: State | sStart.t = et.at && sStart.session = et.session && sStart.mode = EmergencyMode)\n         implies\n         (\n-            (some s: State | s.session = et.session && (s.t = et.endedAt or (no et.endedAt and false)))\n+            (all s: State | (s.session = et.session && (s.t = et.endedAt or (no et.endedAt and false))) => s.mode = NormalMode)\n             &&\n-            (all s': State | (s'.session = et.session && (s'.t = et.endedAt or (no et.endedAt and false))) => s'.mode = NormalMode)\n+            (some s: State | s.session = et.session && (s.t = et.endedAt or (no et.endedAt and false)))\n         )\n     all s: State | \n",
    "expected_impact": {
      "satToUnsat": [],
      "unsatToSat": [],
      "passToFail": [],
      "failToPass": []
    },
    "actual_impact": {
      "satToUnsat": [],
      "unsatToSat": [],
      "passToFail": [],
      "failToPass": []
    },
    "outcome_classification": "no_improvement: target issue recurred at iteration 21 (temporary absence, not a real fix)",
    "issue": "syntax error at line 169 in pred R1R2",
    "syntax_error_context": "The name \"false\" cannot be found.\nSyntax error in /home/nati/autoRE/Output/AlloyModels/AlloyModel__21.als at line 169 column 96:\nThe name \"false\" cannot be found.",
    "resolved_target_issue": false,
    "resolution_status": {
      "status": "resolution_reverted",
      "target_issue": "syntax error at line 171 in pred R1R2",
      "target_signature": "syntax_error:unexpected_token:pred:R1R2:predicate_body:delimiter_or_block_structure_error",
      "recurred_at": 21
    },
    "fix_pattern_detected": "6 total fix attempts for this issue. Similar approach used 3 times: \"Fix let-binding syntax in predicate R1R2 by replacing let sEnd = ... with let sEnd := ... to conform with Alloy 6's required assignment operator.\"",
    "is_reverted": false,
    "evaluator_feedback": "```\n[DIAGNOSIS]:\nThe error at line 169, column 96 (\"The name 'false' cannot be found.\") is due to the use of the bare literal 'false' in a Boolean expression within Alloy 6 code: (no et.endedAt and false). In Alloy 6, 'false' is not a built-in Boolean literal; instead, Alloy uses the logical constants 'none' (for empty sets/relations), and Boolean expressions are constructed from quantifiers and relations. Prior attempts have focused on let-bindings, blocks, or bracketing, but NOT on replacing 'false' itself, which is the root cause here. The code attempts to use 'false' as a placeholder for a Boolean expression, but Alloy 6 expects a valid Boolean-valued formula or relation here.\n\n[FIX INTENT]:\nReplace the invalid use of 'false' with a valid Alloy 6 Boolean constant or a trivially false formula.\n\n[REPAIR INSTRUCTIONS]:\n- Step 1: In pred R1R2, locate the expression (no et.endedAt and false) at line 169.\n- Step 2: Replace 'false' with 'none = none and none != none' or simply 'none != none', which is always false in Alloy 6 and typechecks as a Boolean formula.\n    - For example, change (no et.endedAt and false) to (no et.endedAt and none != none).\n- Step 3: Ensure that any other use of 'false' as a Boolean literal in the model is replaced with 'none != none' or another always-false Alloy 6 expression.\n\n[RATIONALE]:\nThis fix directly addresses the use of the undefined name 'false' by substituting it with a type-correct Alloy 6 Boolean formula that is always false, avoiding the let-binding strategies that failed previously.\n\n[LESSON]:\nIn Alloy 6, there are no Boolean literals 'true' or 'false'; always use valid Boolean-valued expressions such as 'none != none' for 'false' and 'none = none' for 'true'.\n```",
    "error_signature": {
      "issue_kind": "name_resolution_error",
      "error_type": "name_not_found",
      "message_family": "name_cannot_be_found",
      "affected_symbol": "R1R2",
      "affected_construct": "pred",
      "model_region": "predicate_body",
      "nearby_token": "false",
      "expected_token_family": "",
      "normalized_signature": "name_resolution_error:name_not_found:pred:R1R2:predicate_body:missing_declaration_or_scope_error",
      "root_error_family": "missing_declaration_or_scope_error"
    },
    "issue_pattern": {
      "matched_exact_iterations": [],
      "matched_root_family_iterations": [],
      "repeat_count_exact": 0,
      "repeat_count_root_family": 0,
      "pattern_type": "same_root_area_changed"
    },
    "semantic_issue_persistence": {
      "issues": [],
      "escalated_issues": [],
      "escalation_required": false
    },
    "repair_escalation": {
      "escalation_level": 0,
      "strategy": "STANDARD_REPAIR",
      "rewrite_block": false,
      "directive": ""
    },
    "repair_signature": {
      "operation_families": [
        "other_edit"
      ],
      "target": "pred R1R2",
      "strategy": "STANDARD_REPAIR",
      "normalized_signature": "repair:other_edit:pred R1R2"
    },
    "timestamp": "2026-07-08T16:10:21.435394"
  },
  {
    "iteration_id": 22,
    "model_file_location": "Output/AlloyModels/AlloyModel__22.als",
    "fix_intent": "Replace the invalid use of the Boolean literal 'false' with a valid Alloy 6 always-false formula ('none != none') in the R1R2 predicate, as required for type correctness.",
    "source_ref": "Evaluator feedback: \"The name 'false' cannot be found.\" at line 169, column 96; explicit instructions to replace 'false' with 'none != none'.",
    "current_result": {
      "syntax": "Error",
      "error_message": "The name \"HighClearance\" cannot be found.\nSyntax error in /home/nati/autoRE/Output/AlloyModels/AlloyModel__22.als at line 187 column 38:\nThe name \"HighClearance\" cannot be found.",
      "satisfied_predicates": [],
      "unsatisfied_predicates": [],
      "counterexamples": [],
      "no_counterexample": []
    },
    "previous_result": {
      "syntax": "Error",
      "error_message": "The name \"false\" cannot be found.\nSyntax error in /home/nati/autoRE/Output/AlloyModels/AlloyModel__21.als at line 169 column 96:\nThe name \"false\" cannot be found.",
      "satisfied_predicates": [],
      "unsatisfied_predicates": [],
      "counterexamples": [],
      "no_counterexample": []
    },
    "updated_lines": "--- Output/AlloyModels/AlloyModel__21.als\t2026-07-08 16:10:21.433861676 -0500\n+++ Output/AlloyModels/AlloyModel__22.als\t2026-07-08 16:11:13.461936050 -0500\n@@ -166,9 +166,9 @@\n         (some sStart: State | sStart.t = et.at && sStart.session = et.session && sStart.mode = EmergencyMode)\n         implies\n         (\n-            (all s: State | (s.session = et.session && (s.t = et.endedAt or (no et.endedAt and false))) => s.mode = NormalMode)\n+            (all s: State | (s.session = et.session && (s.t = et.endedAt or (no et.endedAt and none != none))) => s.mode = NormalMode)\n             &&\n-            (some s: State | s.session = et.session && (s.t = et.endedAt or (no et.endedAt and false)))\n+            (some s: State | s.session = et.session && (s.t = et.endedAt or (no et.endedAt and none != none)))\n         )\n     all s: State | \n@@ -248,7 +248,7 @@\n assert assertR2_EventualReturnToNormal {\n     all sess: Session | \n         some et: EmergencyTrigger | et.session = sess =>\n-            some s: State | s.session = sess && s.mode = NormalMode && (et.endedAt = s.t or false)\n+            some s: State | s.session = sess && s.mode = NormalMode && (et.endedAt = s.t or none != none)\n }\n \n",
    "expected_impact": {
      "satToUnsat": [],
      "unsatToSat": [],
      "passToFail": [],
      "failToPass": []
    },
    "actual_impact": {
      "satToUnsat": [],
      "unsatToSat": [],
      "passToFail": [],
      "failToPass": []
    },
    "outcome_classification": "unintended_regression: previous target issue resolved but a new syntax error was introduced",
    "issue": "syntax error at line 187 in pred R1R2R3",
    "syntax_error_context": "The name \"HighClearance\" cannot be found.\nSyntax error in /home/nati/autoRE/Output/AlloyModels/AlloyModel__22.als at line 187 column 38:\nThe name \"HighClearance\" cannot be found.",
    "resolved_target_issue": true,
    "resolution_status": {
      "status": "resolved_confirmed",
      "target_issue": "syntax error at line 169 in pred R1R2",
      "target_signature": "name_resolution_error:name_not_found:pred:R1R2:predicate_body:missing_declaration_or_scope_error",
      "confirmed_at": 24
    },
    "fix_pattern_detected": null,
    "is_reverted": false,
    "evaluator_feedback": "```\n[DIAGNOSIS]:\nThe error at line 187, column 38 (\"The name 'HighClearance' cannot be found.\") occurs because the code attempts to compare r1.classification = HighClearance, but HighClearance is not recognized as a name in the Alloy 6 model. Prior repair attempts tried to introduce singleton sigs or switch to an enum, both of which were rejected. Reevaluating the context, the root cause is that the model refers to specific clearance levels without providing any concrete atoms for Clearance; thus, the names are not defined. However, Alloy 6 allows for the explicit creation of atoms for abstract sigs using the \"run\" or \"one sig\" declarations, or by populating the universe in a fact. Since prior attempts to introduce new sigs or enums failed, a new approach is to create specific clearance atoms via instance facts using the 'fact' construct, which forces the existence of exactly one HighClearance, MediumClearance, and LowClearance atom. These can then be referenced by name using the 'as' clause in a fact, without changing the signature definitions.\n\n[FIX INTENT]:\nIntroduce explicit Clearance atoms (HighClearance, MediumClearance, LowClearance) via a fact that binds concrete atoms to those names using the 'as' clause, making them available for use in constraints.\n\n[REPAIR INSTRUCTIONS]:\n- Step 1: After the abstract sig Clearance {}, add the following fact to the model:\n    fact ClearanceAtoms {\n        some disj h, m, l: Clearance |\n            h = h and m = m and l = l\n    }\n- Step 2: In your documentation and comments, specify that the first three Clearance atoms in any instance should be interpreted as HighClearance, MediumClearance, and LowClearance, respectively.\n- Step 3: In the predicate R1R2R3, replace r1.classification = HighClearance with r1.classification = h, and similarly for LowClearance (use l), making sure to bind h and l in a let or all-quantifier at the start of the block where they are referenced.\n\n[RATIONALE]:\nThis fix leverages Alloy 6's ability to assign meaning to anonymous atoms by binding them to local names via a fact, avoiding the forbidden strategies of new sigs or enums and instead using instance-level binding, which is valid syntax and enables the required references.\n\n[LESSON]:\nWhen you need named constants for an abstract sig in Alloy, but cannot introduce new sigs or enums, you can use facts to create and locally bind atoms to names for reference in constraints.\n```",
    "error_signature": {
      "issue_kind": "name_resolution_error",
      "error_type": "name_not_found",
      "message_family": "name_cannot_be_found",
      "affected_symbol": "R1R2R3",
      "affected_construct": "pred",
      "model_region": "predicate_body",
      "nearby_token": "HighClearance",
      "expected_token_family": "",
      "normalized_signature": "name_resolution_error:name_not_found:pred:R1R2R3:predicate_body:missing_declaration_or_scope_error",
      "root_error_family": "missing_declaration_or_scope_error"
    },
    "issue_pattern": {
      "matched_exact_iterations": [],
      "matched_root_family_iterations": [
        21
      ],
      "repeat_count_exact": 0,
      "repeat_count_root_family": 1,
      "pattern_type": "same_root_area_changed"
    },
    "semantic_issue_persistence": {
      "issues": [],
      "escalated_issues": [],
      "escalation_required": false
    },
    "repair_escalation": {
      "escalation_level": 0,
      "strategy": "STANDARD_REPAIR",
      "rewrite_block": false,
      "directive": ""
    },
    "repair_signature": {
      "operation_families": [
        "quantifier_change"
      ],
      "target": "pred R1R2R3",
      "strategy": "STANDARD_REPAIR",
      "normalized_signature": "repair:quantifier_change:pred R1R2R3"
    },
    "timestamp": "2026-07-08T16:11:13.463436"
  },
  {
    "iteration_id": 23,
    "model_file_location": "Output/AlloyModels/AlloyModel__23.als",
    "fix_intent": "Introduce explicit Clearance atoms (HighClearance, MediumClearance, LowClearance) as local names within a fact, and bind them for use in predicates, resolving the \"name not found\" error when referencing specific clearance levels.",
    "source_ref": "Evaluator feedback: The name 'HighClearance' cannot be found. Solution: bind explicit Clearance atoms in a fact and use those names in the relevant predicate.",
    "current_result": {
      "syntax": "Error",
      "error_message": "There are 1 possible tokens that can appear here:\n=\nSyntax error in /home/nati/autoRE/Output/AlloyModels/AlloyModel__23.als at line 103 column 10:",
      "satisfied_predicates": [],
      "unsatisfied_predicates": [],
      "counterexamples": [],
      "no_counterexample": []
    },
    "previous_result": {
      "syntax": "Error",
      "error_message": "The name \"HighClearance\" cannot be found.\nSyntax error in /home/nati/autoRE/Output/AlloyModels/AlloyModel__22.als at line 187 column 38:\nThe name \"HighClearance\" cannot be found.",
      "satisfied_predicates": [],
      "unsatisfied_predicates": [],
      "counterexamples": [],
      "no_counterexample": []
    },
    "updated_lines": "--- Output/AlloyModels/AlloyModel__22.als\t2026-07-08 16:11:13.461936050 -0500\n+++ Output/AlloyModels/AlloyModel__23.als\t2026-07-08 16:12:17.394978759 -0500\n@@ -19,6 +19,13 @@\n \n abstract sig Clearance {} // e.g., High, Medium, Low\n \n+fact ClearanceAtoms {\n+    some disj h, m, l: Clearance |\n+        h = h and m = m and l = l\n+}\n+\n one sig MutuallyExclusiveRoleSet {\n     roles: set Role\n@@ -92,7 +99,9 @@\n \n fact ExistingSystem {\n-    all a: Administrator | a.clearance = HighClearance\n+    let h, m, l = some disj h, m, l: Clearance | h = h and m = m and l = l |\n+        all a: Administrator | a.clearance = h\n \n     all s: State |\n@@ -180,21 +189,23 @@\n \n pred R1R2R3 {\n     R1R2[]\n-    all s: State | \n-        s.mode = EmergencyMode => \n-            all r1, r2: s.requests | \n-                (r1.classification = HighClearance && r2.classification = LowClearance && r1.submittedAt > r2.submittedAt) =>\n-                    (no r1.processedAt or r1.processedAt <= r2.processedAt)\n-    all s: State | \n-        s.mode = EmergencyMode => \n-            all u: User | \n-                #(MutuallyExclusiveRoleSet.roles & rolesHeld[u, s]) >= 2 implies s.mode = EmergencyMode\n-    all s: State | \n-        s.mode = EmergencyMode =>\n-            s.emergencyAdmins = (let et = {e: EmergencyTrigger | e.session = s.session && TO/lte[e.at, s.t] && (no e.endedAt or TO/lt[s.t, e.endedAt])} | (some et => et.admins else none))\n+    let h, m, l = some disj h, m, l: Clearance | h = h and m = m and l = l |\n+        all s: State | \n+            s.mode = EmergencyMode => \n+                all r1, r2: s.requests | \n+                    (r1.classification = h && r2.classification = l && r1.submittedAt > r2.submittedAt) =>\n+                        (no r1.processedAt or r1.processedAt <= r2.processedAt)\n+        all s: State | \n+            s.mode = EmergencyMode => \n+                all u: User | \n+                    #(MutuallyExclusiveRoleSet.roles & rolesHeld[u, s]) >= 2 implies s.mode = EmergencyMode\n+        all s: State | \n+            s.mode = EmergencyMode =>\n+                s.emergencyAdmins = (let et = {e: EmergencyTrigger | e.session = s.session && TO/lte[e.at, s.t] && (no e.endedAt or TO/lt[s.t, et.endedAt])} | (some et => et.admins else none))\n }\n \n",
    "expected_impact": {
      "satToUnsat": [],
      "unsatToSat": [],
      "passToFail": [],
      "failToPass": []
    },
    "actual_impact": {
      "satToUnsat": [],
      "unsatToSat": [],
      "passToFail": [],
      "failToPass": []
    },
    "outcome_classification": "no_improvement: syntax error persists after repair attempt",
    "issue": "syntax error at line 103 in fact ExistingSystem",
    "syntax_error_context": "There are 1 possible tokens that can appear here:\n=\nSyntax error in /home/nati/autoRE/Output/AlloyModels/AlloyModel__23.als at line 103 column 10:",
    "resolved_target_issue": false,
    "resolution_status": null,
    "fix_pattern_detected": "1 previous fix attempt for this issue has failed",
    "is_reverted": false,
    "evaluator_feedback": "```\n[DIAGNOSIS]:\nThe syntax error at line 103 arises from the misuse of the let-binding syntax in Alloy 6. The construct let h, m, l = some disj h, m, l: Clearance | ... is not valid Alloy 6: Alloy 6 does not permit tuple unpacking (multiple variable bindings using commas) in a let-statement. Instead, each variable must be bound individually, or, more idiomatically, a single let binding can capture a tuple or set which is then destructured via explicit membership in subsequent quantifiers or logic. Previous failed attempts focused on binding explicit Clearance atoms by name or via let with multiple variables, but Alloy 6's let only binds a single variable at a time. The error persists because the code attempts to bind h, m, l simultaneously in a let, which Alloy 6 does not support.\n\n[FIX INTENT]:\nReplace the invalid multi-variable let-binding with a single quantifier that introduces three distinct, disjoint Clearance atoms (h, m, l) in scope.\n\n[REPAIR INSTRUCTIONS]:\n- Step 1: In fact ExistingSystem, locate the line:\n      let h, m, l = some disj h, m, l: Clearance | h = h and m = m and l = l |\n- Step 2: Remove the let-binding entirely and instead introduce a single some disj quantifier at the start of the block that requires h, m, l to be distinct Clearance atoms.\n- Step 3: Move all constraints that refer to h, m, l (such as all a: Administrator | a.clearance = h) inside the scope of this quantifier.\n- Step 4: The resulting block should look like:\n      some disj h, m, l: Clearance {\n          all a: Administrator | a.clearance = h\n          // ... other constraints that need h, m, l ...\n      }\n- Step 5: Adjust any indentation as needed to ensure the quantifier's scope is clear.\n\n[RATIONALE]:\nThis fix uses Alloy 6's quantification (some disj) directly to introduce multiple fresh variables, which is the idiomatic and valid way to bind several distinct atoms in Alloy, and avoids the illegal tuple let-binding that has caused the syntax error. It is a different strategy from all previous attempts, which focused on let or explicit atom naming.\n\n[LESSON]:\nIn Alloy 6, to introduce several distinct atoms as variables, use quantifiers (some disj ...) rather than attempting multi-variable let-bindings, which are not supported.\n```",
    "error_signature": {
      "issue_kind": "syntax_error",
      "error_type": "unexpected_token",
      "message_family": "possible_tokens_here",
      "affected_symbol": "ExistingSystem",
      "affected_construct": "fact",
      "model_region": "fact_body",
      "nearby_token": ",",
      "expected_token_family": "declaration_or_name",
      "normalized_signature": "syntax_error:unexpected_token:fact:ExistingSystem:fact_body:delimiter_or_block_structure_error",
      "root_error_family": "delimiter_or_block_structure_error"
    },
    "issue_pattern": {
      "matched_exact_iterations": [],
      "matched_root_family_iterations": [
        17,
        19,
        20
      ],
      "repeat_count_exact": 0,
      "repeat_count_root_family": 3,
      "pattern_type": "same_root_area_changed"
    },
    "semantic_issue_persistence": {
      "issues": [],
      "escalated_issues": [],
      "escalation_required": false
    },
    "repair_escalation": {
      "escalation_level": 0,
      "strategy": "STANDARD_REPAIR",
      "rewrite_block": false,
      "directive": ""
    },
    "repair_signature": {
      "operation_families": [
        "quantifier_change",
        "adjust_scope"
      ],
      "target": "fact ExistingSystem",
      "strategy": "STANDARD_REPAIR",
      "normalized_signature": "repair:quantifier_change+adjust_scope:fact ExistingSystem"
    },
    "timestamp": "2026-07-08T16:12:17.396165"
  },
  {
    "iteration_id": 24,
    "model_file_location": "Output/AlloyModels/AlloyModel__24.als",
    "fix_intent": "Fix the invalid multi-variable let-binding in fact ExistingSystem by replacing it with a some disj quantifier to introduce three distinct Clearance atoms (h, m, l) in scope, as required by Alloy 6 syntax.",
    "source_ref": "Evaluator feedback: syntax error at line 103 due to invalid let-binding; repair by introducing some disj quantifier as per [REPAIR INSTRUCTIONS].",
    "current_result": {
      "syntax": "Error",
      "error_message": "This must be an integer expression.\nInstead, it has the following possible type(s):\n{this/Time}",
      "satisfied_predicates": [],
      "unsatisfied_predicates": [],
      "counterexamples": [],
      "no_counterexample": []
    },
    "previous_result": {
      "syntax": "Error",
      "error_message": "There are 1 possible tokens that can appear here:\n=\nSyntax error in /home/nati/autoRE/Output/AlloyModels/AlloyModel__23.als at line 103 column 10:",
      "satisfied_predicates": [],
      "unsatisfied_predicates": [],
      "counterexamples": [],
      "no_counterexample": []
    },
    "updated_lines": "--- Output/AlloyModels/AlloyModel__23.als\t2026-07-08 16:12:17.394978759 -0500\n+++ Output/AlloyModels/AlloyModel__24.als\t2026-07-08 16:13:10.092654225 -0500\n@@ -100,34 +100,35 @@\n fact ExistingSystem {\n-    let h, m, l = some disj h, m, l: Clearance | h = h and m = m and l = l |\n+    some disj h, m, l: Clearance {\n         all a: Administrator | a.clearance = h\n \n-    all s: State |\n-        s.mode = NormalMode =>\n-            all u: User |\n-                lone (MutuallyExclusiveRoleSet.roles & rolesHeld[u, s])\n+        all s: State |\n+            s.mode = NormalMode =>\n+                all u: User |\n+                    lone (MutuallyExclusiveRoleSet.roles & rolesHeld[u, s])\n \n-    all s: State |\n-        all u: User |\n-            u in s.emergencyAdmins <=> (\n-                s.mode = EmergencyMode &&\n-                u in Administrator &&\n-                some et: EmergencyTrigger | u in et.admins && et.session = s.session && TO/lte[et.at, s.t] && (no et.endedAt or TO/lt[s.t, et.endedAt])\n-            )\n+        all s: State |\n+            all u: User |\n+                u in s.emergencyAdmins <=> (\n+                    s.mode = EmergencyMode &&\n+                    u in Administrator &&\n+                    some et: EmergencyTrigger | u in et.admins && et.session = s.session && TO/lte[et.at, s.t] && (no et.endedAt or TO/lt[s.t, et.endedAt])\n+                )\n \n-    all sess: Session | lone sess.emergencyTriggered\n+        all sess: Session | lone sess.emergencyTriggered\n \n-    all et: EmergencyTrigger | #et.admins = 2 && all a: et.admins | a in Administrator\n+        all et: EmergencyTrigger | #et.admins = 2 && all a: et.admins | a in Administrator\n \n-    all s: State | \n-        lone et: EmergencyTrigger | et.session = s.session && TO/lte[et.at, s.t] && (no et.endedAt or TO/lt[s.t, et.endedAt]) =>\n-            s.mode = EmergencyMode\n+        all s: State | \n+            lone et: EmergencyTrigger | et.session = s.session && TO/lte[et.at, s.t] && (no et.endedAt or TO/lt[s.t, et.endedAt]) =>\n+                s.mode = EmergencyMode\n+    }\n }\n \n@@ -190,7 +191,7 @@\n pred R1R2R3 {\n     R1R2[]\n-    let h, m, l = some disj h, m, l: Clearance | h = h and m = m and l = l |\n+    some disj h, m, l: Clearance {\n         all s: State | \n             s.mode = EmergencyMode => \n@@ -206,6 +207,7 @@\n         all s: State | \n             s.mode = EmergencyMode =>\n                 s.emergencyAdmins = (let et = {e: EmergencyTrigger | e.session = s.session && TO/lte[e.at, s.t] && (no e.endedAt or TO/lt[s.t, et.endedAt])} | (some et => et.admins else none))\n+    }\n }\n \n",
    "expected_impact": {
      "satToUnsat": [],
      "unsatToSat": [],
      "passToFail": [],
      "failToPass": []
    },
    "actual_impact": {
      "satToUnsat": [],
      "unsatToSat": [],
      "passToFail": [],
      "failToPass": []
    },
    "outcome_classification": "unintended_regression: previous target issue resolved but a new syntax error was introduced",
    "issue": "syntax error at line 199 in pred R1R2R3",
    "syntax_error_context": "This must be an integer expression.\nInstead, it has the following possible type(s):\n{this/Time}",
    "resolved_target_issue": true,
    "resolution_status": {
      "status": "resolved_confirmed",
      "target_issue": "syntax error at line 103 in fact ExistingSystem",
      "target_signature": "syntax_error:unexpected_token:fact:ExistingSystem:fact_body:delimiter_or_block_structure_error",
      "confirmed_at": 26
    },
    "fix_pattern_detected": null,
    "is_reverted": false,
    "evaluator_feedback": "[DIAGNOSIS]:\nThe error at line 199 arises from the expression r1.submittedAt > r2.submittedAt. In Alloy, the > operator can only be used between Int values, but here r1.submittedAt and r2.submittedAt are of type Time. Since Time is modeled as a sig, you cannot compare Time atoms with > or < directly. Instead, you must use the explicit Time ordering provided by util/ordering[Time] (aliased as TO), using TO/lt or TO/gt for less-than or greater-than comparisons over Time atoms.\n\n[FIX INTENT]:\nReplace the illegal use of '>' on Time atoms with the correct Alloy idiom using the TO/gt operator from util/ordering[Time].\n\n[REPAIR INSTRUCTIONS]:\n- Step 1: In pred R1R2R3, locate the line:\n      (r1.classification = h && r2.classification = l && r1.submittedAt > r2.submittedAt) =>\n- Step 2: Replace r1.submittedAt > r2.submittedAt with TO/gt[r1.submittedAt, r2.submittedAt], so that the line reads:\n      (r1.classification = h && r2.classification = l && TO/gt[r1.submittedAt, r2.submittedAt]) =>\n\n[RATIONALE]:\nThis fix is Alloy 6 compliant because it uses the built-in ordering module to compare Time sig atoms, as required, and is different from previous failed attempts which focused on let-bindings or parentheses rather than correcting the operator misuse.\n\n[LESSON]:\nWhen modeling time in Alloy using an abstract sig, always use the ordering module's relations (TO/lt, TO/gt, etc.) for comparisons, never the native numeric operators.",
    "error_signature": {
      "issue_kind": "type_error",
      "error_type": "integer_expression_required",
      "message_family": "must_be_integer_expression",
      "affected_symbol": "R1R2R3",
      "affected_construct": "pred",
      "model_region": "predicate_body",
      "nearby_token": "r1",
      "expected_token_family": "",
      "normalized_signature": "type_error:integer_expression_required:pred:R1R2R3:predicate_body:invalid_operator_for_signature_ordering",
      "root_error_family": "invalid_operator_for_signature_ordering"
    },
    "issue_pattern": {
      "matched_exact_iterations": [],
      "matched_root_family_iterations": [],
      "repeat_count_exact": 0,
      "repeat_count_root_family": 0,
      "pattern_type": "same_root_area_changed"
    },
    "semantic_issue_persistence": {
      "issues": [],
      "escalated_issues": [],
      "escalation_required": false
    },
    "repair_escalation": {
      "escalation_level": 0,
      "strategy": "STANDARD_REPAIR",
      "rewrite_block": false,
      "directive": ""
    },
    "repair_signature": {
      "operation_families": [
        "add_open_import",
        "replace_operator_or_token"
      ],
      "target": "pred R1R2R3",
      "strategy": "STANDARD_REPAIR",
      "normalized_signature": "repair:add_open_import+replace_operator_or_token:pred R1R2R3"
    },
    "timestamp": "2026-07-08T16:13:10.093830"
  },
  {
    "iteration_id": 25,
    "model_file_location": "Output/AlloyModels/AlloyModel__25.als",
    "fix_intent": "Replace the incorrect use of the '>' operator on Time atoms in R1R2R3 with the correct use of TO/gt from util/ordering[Time].",
    "source_ref": "Evaluator feedback: replace r1.submittedAt > r2.submittedAt with TO/gt[r1.submittedAt, r2.submittedAt] in pred R1R2R3.",
    "current_result": {
      "syntax": "Error",
      "error_message": "This must be an integer expression.\nInstead, it has the following possible type(s):\n{this/Time}",
      "satisfied_predicates": [],
      "unsatisfied_predicates": [],
      "counterexamples": [],
      "no_counterexample": []
    },
    "previous_result": {
      "syntax": "Error",
      "error_message": "This must be an integer expression.\nInstead, it has the following possible type(s):\n{this/Time}",
      "satisfied_predicates": [],
      "unsatisfied_predicates": [],
      "counterexamples": [],
      "no_counterexample": []
    },
    "updated_lines": "--- Output/AlloyModels/AlloyModel__24.als\t2026-07-08 16:13:10.092654225 -0500\n+++ Output/AlloyModels/AlloyModel__25.als\t2026-07-08 16:13:59.343550724 -0500\n@@ -196,7 +196,7 @@\n         all s: State | \n             s.mode = EmergencyMode => \n                 all r1, r2: s.requests | \n-                    (r1.classification = h && r2.classification = l && r1.submittedAt > r2.submittedAt) =>\n+                    (r1.classification = h && r2.classification = l && TO/gt[r1.submittedAt, r2.submittedAt]) =>\n                         (no r1.processedAt or r1.processedAt <= r2.processedAt)\n         all s: State | \n",
    "expected_impact": {
      "satToUnsat": [],
      "unsatToSat": [],
      "passToFail": [],
      "failToPass": []
    },
    "actual_impact": {
      "satToUnsat": [],
      "unsatToSat": [],
      "passToFail": [],
      "failToPass": []
    },
    "outcome_classification": "no_improvement: syntax error persists after repair attempt",
    "issue": "syntax error at line 200 in pred R1R2R3",
    "syntax_error_context": "This must be an integer expression.\nInstead, it has the following possible type(s):\n{this/Time}",
    "resolved_target_issue": false,
    "resolution_status": null,
    "fix_pattern_detected": "2 total fix attempts for this issue have failed",
    "is_reverted": false,
    "evaluator_feedback": "[DIAGNOSIS]:\nThe error at line 200, column 47 (“This must be an integer expression. Instead, it has the following possible type(s): {this/Time}”) is triggered by the subexpression r1.processedAt <= r2.processedAt. In Alloy, the <= operator is defined only over Int, not over sig atoms like Time. Both r1.processedAt and r2.processedAt are of type lone Time, so using <= here is a type error. Previous failed fixes attempted to repair only the comparison of submittedAt using the ordering module, but did not address the improper use of <= between Time atoms for processedAt. The root cause is the illegal use of <= between two Time atoms instead of employing the ordering module (TO/lt, TO/lte).\n\n[FIX INTENT]:\nReplace the use of <= between Time atoms with the correct ordering relation from util/ordering[Time].\n\n[REPAIR INSTRUCTIONS]:\n- Step 1: In pred R1R2R3, locate the line:\n      (no r1.processedAt or r1.processedAt <= r2.processedAt)\n- Step 2: Replace r1.processedAt <= r2.processedAt with TO/lte[r1.processedAt, r2.processedAt].\n      The line should now read:\n      (no r1.processedAt or TO/lte[r1.processedAt, r2.processedAt])\n\n[RATIONALE]:\nThis fix is Alloy 6 compliant because it uses the provided ordering module for Time atom comparisons, and it is different from previous attempts, which only addressed submittedAt comparisons and not processedAt.\n\n[LESSON]:\nIn Alloy, always use the ordering module’s relations (TO/lt, TO/lte) for comparisons between sig atoms representing ordered domains (like Time), not standard numeric comparison operators.",
    "error_signature": {
      "issue_kind": "type_error",
      "error_type": "integer_expression_required",
      "message_family": "must_be_integer_expression",
      "affected_symbol": "R1R2R3",
      "affected_construct": "pred",
      "model_region": "predicate_body",
      "nearby_token": "r1",
      "expected_token_family": "",
      "normalized_signature": "type_error:integer_expression_required:pred:R1R2R3:predicate_body:invalid_operator_for_signature_ordering",
      "root_error_family": "invalid_operator_for_signature_ordering"
    },
    "issue_pattern": {
      "matched_exact_iterations": [
        24
      ],
      "matched_root_family_iterations": [],
      "repeat_count_exact": 1,
      "repeat_count_root_family": 1,
      "pattern_type": "same_error_persisted"
    },
    "semantic_issue_persistence": {
      "issues": [],
      "escalated_issues": [],
      "escalation_required": false
    },
    "repair_escalation": {
      "escalation_level": 1,
      "strategy": "FORBID_PRIOR_FIXES",
      "rewrite_block": false,
      "directive": "ESCALATION LEVEL: 1\nSTRATEGY: FORBID_PRIOR_FIXES\nPATTERN: same_error_persisted\nERROR SIGNATURE: type_error:integer_expression_required:pred:R1R2R3:predicate_body:invalid_operator_for_signature_ordering\nAFFECTED BLOCK: pred R1R2R3\nSAME ERROR SEEN IN ITERATIONS: 24, 25 (2 occurrences including current)\nREPAIR OPERATIONS ALREADY ATTEMPTED (normalized - do not prescribe these operation types again):\n  - repair:add_open_import+replace_operator_or_token:pred R1R2R3\nPREVIOUSLY ATTEMPTED FIXES FOR THIS ERROR (ALL FAILED):\n  - (Evaluator, iteration 24) Replace the illegal use of '>' on Time atoms with the correct Alloy idiom using the TO/gt operator from util/ordering[Time].\n  - (RE agent, applied in iteration 25) Replace the incorrect use of the '>' operator on Time atoms in R1R2R3 with the correct use of TO/gt from util/ordering[Time]."
    },
    "repair_signature": {
      "operation_families": [
        "add_open_import"
      ],
      "target": "pred R1R2R3",
      "strategy": "FORBID_PRIOR_FIXES",
      "normalized_signature": "repair:add_open_import:pred R1R2R3"
    },
    "timestamp": "2026-07-08T16:13:59.344930"
  },
  {
    "iteration_id": 26,
    "model_file_location": "Output/AlloyModels/AlloyModel__26.als",
    "fix_intent": "Replace the invalid use of <= between Time atoms in pred R1R2R3 with the correct Alloy idiom TO/lte[r1.processedAt, r2.processedAt] from util/ordering[Time].",
    "source_ref": "Evaluator feedback: type error at line 200, column 47 (“This must be an integer expression. Instead, it has the following possible type(s): {this/Time}”).",
    "current_result": {
      "syntax": "Error",
      "error_message": "This expression failed to be typechecked line 209, column 42 (209,43), filename=/home/nati/autoRE/Output/AlloyModels/AlloyModel__26.als",
      "satisfied_predicates": [],
      "unsatisfied_predicates": [],
      "counterexamples": [],
      "no_counterexample": []
    },
    "previous_result": {
      "syntax": "Error",
      "error_message": "This must be an integer expression.\nInstead, it has the following possible type(s):\n{this/Time}",
      "satisfied_predicates": [],
      "unsatisfied_predicates": [],
      "counterexamples": [],
      "no_counterexample": []
    },
    "updated_lines": "--- Output/AlloyModels/AlloyModel__25.als\t2026-07-08 16:13:59.343550724 -0500\n+++ Output/AlloyModels/AlloyModel__26.als\t2026-07-08 16:14:53.534945035 -0500\n@@ -197,7 +197,7 @@\n             s.mode = EmergencyMode => \n                 all r1, r2: s.requests | \n                     (r1.classification = h && r2.classification = l && TO/gt[r1.submittedAt, r2.submittedAt]) =>\n-                        (no r1.processedAt or r1.processedAt <= r2.processedAt)\n+                        (no r1.processedAt or TO/lte[r1.processedAt, r2.processedAt])\n         all s: State | \n             s.mode = EmergencyMode => \n",
    "expected_impact": {
      "satToUnsat": [],
      "unsatToSat": [],
      "passToFail": [],
      "failToPass": []
    },
    "actual_impact": {
      "satToUnsat": [],
      "unsatToSat": [],
      "passToFail": [],
      "failToPass": []
    },
    "outcome_classification": "no_improvement: target issue recurred at iteration 26 (temporary absence, not a real fix)",
    "issue": "syntax error at line 209 in pred R1R2R3",
    "syntax_error_context": "This expression failed to be typechecked line 209, column 42 (209,43), filename=/home/nati/autoRE/Output/AlloyModels/AlloyModel__26.als",
    "resolved_target_issue": false,
    "resolution_status": {
      "status": "resolution_reverted",
      "target_issue": "syntax error at line 200 in pred R1R2R3",
      "target_signature": "type_error:integer_expression_required:pred:R1R2R3:predicate_body:invalid_operator_for_signature_ordering",
      "recurred_at": 26
    },
    "fix_pattern_detected": "3 total fix attempts for this issue have failed",
    "is_reverted": false,
    "evaluator_feedback": "[DIAGNOSIS]:\nThe syntax error at line 209, column 42 is due to an invalid use of a named set comprehension {e: EmergencyTrigger | ...} inside a let-binding, and then attempting to reference the bound variable et. In Alloy, let-bindings can introduce a name for an expression, but you cannot refer to a variable (et) defined only inside the set comprehension in the let variable itself. The construct let et = {e: ...} | ... (some et => et.admins else none) does not bind 'et' as a single EmergencyTrigger instance, but as a set, and the use of 'et.endedAt' inside the comprehension is not well-defined in this context. The intention is to find the relevant EmergencyTrigger (if any) for the State s, but the expression is malformed. None of the previous failed attempts addressed this variable-binding issue.\n\n[FIX INTENT]:\nReplace the problematic let-comprehension with an explicit quantification, avoiding illegal variable scoping, and use an inline some-expression to select the intended EmergencyTrigger.\n\n[REPAIR INSTRUCTIONS]:\n- Step 1: In pred R1R2R3, locate the line:\n    s.emergencyAdmins = (let et = {e: EmergencyTrigger | e.session = s.session && TO/lte[e.at, s.t] && (no e.endedAt or TO/lt[s.t, et.endedAt])} | (some et => et.admins else none))\n- Step 2: Replace that line with the following expression, using an inline some-expression and explicit quantification:\n    s.emergencyAdmins = (some et: EmergencyTrigger | et.session = s.session && TO/lte[et.at, s.t] && (no et.endedAt or TO/lt[s.t, et.endedAt]) => {et: EmergencyTrigger | et.session = s.session && TO/lte[et.at, s.t] && (no et.endedAt or TO/lt[s.t, et.endedAt])}.admins else none)\n- Step 3: Alternatively, if the above is too complex, break it into two lines using let to bind the set, and then use a conditional expression:\n    let ets = {et: EmergencyTrigger | et.session = s.session && TO/lte[et.at, s.t] && (no et.endedAt or TO/lt[s.t, et.endedAt])} |\n        s.emergencyAdmins = (some ets => (one ets => lone ets.admins else none) else none)\n- Step 4: Ensure that you do not use a let-binding to bind a set and then reference an element variable inside the set definition (which is not allowed in Alloy 6).\n\n[RATIONALE]:\nThis fix eliminates the scoping error by ensuring all variable references are valid and using Alloy 6's conditional and quantification constructs correctly; it is distinct from prior attempts that only bracketed or rephrased the let-binding without fixing the underlying variable scoping issue.\n\n[LESSON]:\nWhen using let-bindings in Alloy, do not attempt to introduce a variable inside the bound set and reference it outside its legal scope; instead, use explicit quantification or conditional expressions to access elements of the set.",
    "error_signature": {
      "issue_kind": "type_error",
      "error_type": "arity_or_join_error",
      "message_family": "invalid_field_join",
      "affected_symbol": "R1R2R3",
      "affected_construct": "pred",
      "model_region": "predicate_body",
      "nearby_token": "et",
      "expected_token_family": "",
      "normalized_signature": "type_error:arity_or_join_error:pred:R1R2R3:predicate_body:relation_arity_or_join_error",
      "root_error_family": "relation_arity_or_join_error"
    },
    "issue_pattern": {
      "matched_exact_iterations": [],
      "matched_root_family_iterations": [],
      "repeat_count_exact": 0,
      "repeat_count_root_family": 0,
      "pattern_type": "same_root_area_changed"
    },
    "semantic_issue_persistence": {
      "issues": [],
      "escalated_issues": [],
      "escalation_required": false
    },
    "repair_escalation": {
      "escalation_level": 0,
      "strategy": "STANDARD_REPAIR",
      "rewrite_block": false,
      "directive": ""
    },
    "repair_signature": {
      "operation_families": [
        "other_edit"
      ],
      "target": "pred R1R2R3",
      "strategy": "STANDARD_REPAIR",
      "normalized_signature": "repair:other_edit:pred R1R2R3"
    },
    "timestamp": "2026-07-08T16:14:53.536230"
  },
  {
    "iteration_id": 27,
    "model_file_location": "Output/AlloyModels/AlloyModel__27.als",
    "fix_intent": "Fixes the invalid use of a named set comprehension inside a let-binding in pred R1R2R3 by replacing it with an explicit quantification and conditional expression, as required by Alloy 6 scoping rules.",
    "source_ref": "Evaluator feedback: Syntax error at line 209, column 42 due to let-binding with illegal variable scoping in pred R1R2R3.",
    "current_result": {
      "syntax": "Error",
      "error_message": "This must be a formula expression.\nInstead, it has the following possible type(s):\n{this/User}",
      "satisfied_predicates": [],
      "unsatisfied_predicates": [],
      "counterexamples": [],
      "no_counterexample": []
    },
    "previous_result": {
      "syntax": "Error",
      "error_message": "This expression failed to be typechecked line 209, column 42 (209,43), filename=/home/nati/autoRE/Output/AlloyModels/AlloyModel__26.als",
      "satisfied_predicates": [],
      "unsatisfied_predicates": [],
      "counterexamples": [],
      "no_counterexample": []
    },
    "updated_lines": "--- Output/AlloyModels/AlloyModel__26.als\t2026-07-08 16:14:53.534945035 -0500\n+++ Output/AlloyModels/AlloyModel__27.als\t2026-07-08 16:15:59.556049675 -0500\n@@ -206,7 +206,11 @@\n         all s: State | \n             s.mode = EmergencyMode =>\n-                s.emergencyAdmins = (let et = {e: EmergencyTrigger | e.session = s.session && TO/lte[e.at, s.t] && (no e.endedAt or TO/lt[s.t, et.endedAt])} | (some et => et.admins else none))\n+                s.emergencyAdmins = (\n+                    some et: EmergencyTrigger | et.session = s.session && TO/lte[et.at, s.t] && (no et.endedAt or TO/lt[s.t, et.endedAt]) \n+                        => {et: EmergencyTrigger | et.session = s.session && TO/lte[et.at, s.t] && (no et.endedAt or TO/lt[s.t, et.endedAt])}.admins\n+                        else none\n+                )\n     }\n }\n \n",
    "expected_impact": {
      "satToUnsat": [],
      "unsatToSat": [],
      "passToFail": [],
      "failToPass": []
    },
    "actual_impact": {
      "satToUnsat": [],
      "unsatToSat": [],
      "passToFail": [],
      "failToPass": []
    },
    "outcome_classification": "no_improvement: target issue recurred at iteration 27 (temporary absence, not a real fix)",
    "issue": "syntax error at line 210 in pred R1R2R3",
    "syntax_error_context": "This must be a formula expression.\nInstead, it has the following possible type(s):\n{this/User}",
    "resolved_target_issue": false,
    "resolution_status": {
      "status": "resolution_reverted",
      "target_issue": "syntax error at line 209 in pred R1R2R3",
      "target_signature": "type_error:arity_or_join_error:pred:R1R2R3:predicate_body:relation_arity_or_join_error",
      "recurred_at": 27
    },
    "fix_pattern_detected": "4 total fix attempts for this issue have failed",
    "is_reverted": false,
    "evaluator_feedback": "[DIAGNOSIS]:\nThe root cause is the use of inline \"if-then-else\" (conditional expression) syntax in Alloy 6, which requires the condition to be a Boolean formula, but here, the construct some et: EmergencyTrigger | ... => ... else ... is being used directly as the right-hand side of an assignment, which is not valid syntax. Specifically, in Alloy 6, \"=>\" is implication, not \"if-then-else,\" and the use of \"else\" after \"=>\" is not valid Alloy. The entire construct at line 210-212 is thus not recognized as a formula or valid value expression. Prior failed fixes tried to patch this with extra parentheses or by reworking the comprehension/let, but never addressed the need to use Alloy's ternary conditional expression (if c then x else y) or to flatten the logic using set comprehensions and quantifiers.\n\n[FIX INTENT]:\nReplace the invalid \"implication ... else ...\" construct with Alloy's proper ternary conditional expression, or rephrase the assignment using a set comprehension that directly yields the intended set.\n\n[REPAIR INSTRUCTIONS]:\n- Step 1: Navigate to pred R1R2R3, specifically the block:\n  ```\n  s.emergencyAdmins = (\n      some et: EmergencyTrigger | et.session = s.session && TO/lte[et.at, s.t] && (no et.endedAt or TO/lt[s.t, et.endedAt]) \n          => {et: EmergencyTrigger | et.session = s.session && TO/lte[et.at, s.t] && (no et.endedAt or TO/lt[s.t, et.endedAt])}.admins\n          else none\n  )\n  ```\n- Step 2: Replace this assignment with the following Alloy 6-compliant expression:\n  ```\n  s.emergencyAdmins = \n      { a: Administrator | \n          some et: EmergencyTrigger | \n              a in et.admins && \n              et.session = s.session && \n              TO/lte[et.at, s.t] && \n              (no et.endedAt or TO/lt[s.t, et.endedAt])\n      }\n  ```\n  This directly defines s.emergencyAdmins as the set of Administrators who are admins of some EmergencyTrigger meeting the session, start, and end conditions.\n- Step 3: Remove the invalid \"=> ... else ...\" syntax entirely; do not attempt to use Alloy's \"if ... then ... else ...\" unless you use the correct ternary syntax (which would also be valid as an alternative, but the above is the simplest set comprehension).\n\n[RATIONALE]:\nThis approach eliminates the misused implication/else construct and instead uses a set comprehension to define s.emergencyAdmins, which is valid Alloy 6 syntax and avoids the previously failed attempts at patching with parentheses, let, or implication constructs.\n\n[LESSON]:\nWhen needing to assign a set conditionally based on the existence of certain objects, use set comprehensions in Alloy; do not attempt to use \"=> ... else ...\" for value assignment—Alloy does not support that syntax.",
    "error_signature": {
      "issue_kind": "type_error",
      "error_type": "type_error",
      "message_family": "generic_type_error",
      "affected_symbol": "R1R2R3",
      "affected_construct": "pred",
      "model_region": "predicate_body",
      "nearby_token": "et",
      "expected_token_family": "",
      "normalized_signature": "type_error:type_error:pred:R1R2R3:predicate_body:type_mismatch",
      "root_error_family": "type_mismatch"
    },
    "issue_pattern": {
      "matched_exact_iterations": [],
      "matched_root_family_iterations": [],
      "repeat_count_exact": 0,
      "repeat_count_root_family": 0,
      "pattern_type": "same_root_area_changed"
    },
    "semantic_issue_persistence": {
      "issues": [],
      "escalated_issues": [],
      "escalation_required": false
    },
    "repair_escalation": {
      "escalation_level": 0,
      "strategy": "STANDARD_REPAIR",
      "rewrite_block": false,
      "directive": ""
    },
    "repair_signature": {
      "operation_families": [
        "quantifier_change"
      ],
      "target": "pred R1R2R3",
      "strategy": "STANDARD_REPAIR",
      "normalized_signature": "repair:quantifier_change:pred R1R2R3"
    },
    "timestamp": "2026-07-08T16:15:59.557719"
  },
  {
    "iteration_id": 28,
    "model_file_location": "Output/AlloyModels/AlloyModel__28.als",
    "fix_intent": "Replace the invalid implication/else assignment for s.emergencyAdmins in pred R1R2R3 with a correct Alloy 6 set comprehension, per Evaluator feedback.",
    "source_ref": "Evaluator feedback: Syntax error in R1R2R3 at s.emergencyAdmins assignment, lines 210-212, due to Alloy-incompatible \"=> ... else ...\" construct.",
    "current_result": {
      "syntax": "Pending",
      "error_message": null,
      "satisfied_predicates": [],
      "unsatisfied_predicates": [],
      "counterexamples": [],
      "no_counterexample": []
    },
    "previous_result": {
      "syntax": "Error",
      "error_message": "This must be a formula expression.\nInstead, it has the following possible type(s):\n{this/User}",
      "satisfied_predicates": [],
      "unsatisfied_predicates": [],
      "counterexamples": [],
      "no_counterexample": []
    },
    "updated_lines": "--- Output/AlloyModels/AlloyModel__27.als\t2026-07-08 16:15:59.556049675 -0500\n+++ Output/AlloyModels/AlloyModel__28.als\t2026-07-08 16:16:54.438504169 -0500\n@@ -206,11 +206,14 @@\n         all s: State | \n             s.mode = EmergencyMode =>\n-                s.emergencyAdmins = (\n-                    some et: EmergencyTrigger | et.session = s.session && TO/lte[et.at, s.t] && (no et.endedAt or TO/lt[s.t, et.endedAt]) \n-                        => {et: EmergencyTrigger | et.session = s.session && TO/lte[et.at, s.t] && (no et.endedAt or TO/lt[s.t, et.endedAt])}.admins\n-                        else none\n-                )\n+                s.emergencyAdmins = \n+                    { a: Administrator | \n+                        some et: EmergencyTrigger | \n+                            a in et.admins && \n+                            et.session = s.session && \n+                            TO/lte[et.at, s.t] && \n+                            (no et.endedAt or TO/lt[s.t, et.endedAt])\n+                    }\n     }\n }\n \n",
    "expected_impact": {
      "satToUnsat": [],
      "unsatToSat": [],
      "passToFail": [],
      "failToPass": []
    },
    "actual_impact": null,
    "outcome_classification": "pending",
    "issue": null,
    "syntax_error_context": null,
    "resolved_target_issue": null,
    "resolution_status": null,
    "fix_pattern_detected": null,
    "is_reverted": false,
    "evaluator_feedback": null,
    "error_signature": null,
    "issue_pattern": null,
    "semantic_issue_persistence": null,
    "repair_escalation": null,
    "repair_signature": null,
    "timestamp": "2026-07-08T16:16:54.439642"
  }
]